"Module","Phase","Function","File","Line"
"AGS_Annihilation","AreOnlyValidSquads","AGS_Annihilation_AreOnlyValidSquads","conditions/ags_annihilation.scar","173"
"AGS_Annihilation","CheckAnnihilation","AGS_Annihilation_CheckAnnihilation","conditions/ags_annihilation.scar","153"
"AGS_Annihilation","CreateObjective","AGS_Annihilation_CreateObjective","conditions/ags_annihilation.scar","133"
"AGS_Annihilation","DefineCheapestSquads","AGS_Annihilation_DefineCheapestSquads","conditions/ags_annihilation.scar","199"
"AGS_Annihilation","Eliminate","AGS_Annihilation_Eliminate","conditions/ags_annihilation.scar","142"
"AGS_Annihilation","IsAbleToProduce","AGS_Annihilation_IsAbleToProduce","conditions/ags_annihilation.scar","213"
"AGS_Annihilation","OnConstructionComplete","AGS_Annihilation_OnConstructionComplete","conditions/ags_annihilation.scar","116"
"AGS_Annihilation","OnDamageReceived","AGS_Annihilation_OnDamageReceived","conditions/ags_annihilation.scar","97"
"AGS_Annihilation","OnEntityKilled","AGS_Annihilation_OnEntityKilled","conditions/ags_annihilation.scar","104"
"AGS_Annihilation","OnGameOver","AGS_Annihilation_OnGameOver","conditions/ags_annihilation.scar","84"
"AGS_Annihilation","OnLandmarkDestroyed","AGS_Annihilation_OnLandmarkDestroyed","conditions/ags_annihilation.scar","110"
"AGS_Annihilation","OnObjectiveToggle","AGS_Annihilation_OnObjectiveToggle","conditions/ags_annihilation.scar","77"
"AGS_Annihilation","OnPlay","AGS_Annihilation_OnPlay","conditions/ags_annihilation.scar","46"
"AGS_Annihilation","OnPlayerDefeated","AGS_Annihilation_OnPlayerDefeated","conditions/ags_annihilation.scar","65"
"AGS_Annihilation","PlayerCanReceiveTribute","AGS_Annihilation_PlayerCanReceiveTribute","conditions/ags_annihilation.scar","287"
"AGS_Annihilation","PresetFinalize","AGS_Annihilation_PresetFinalize","conditions/ags_annihilation.scar","41"
"AGS_Annihilation","RemoveObjective","AGS_Annihilation_RemoveObjective","conditions/ags_annihilation.scar","138"
"AGS_Annihilation","TreatyEnded","AGS_Annihilation_TreatyEnded","conditions/ags_annihilation.scar","60"
"AGS_Annihilation","TreatyStarted","AGS_Annihilation_TreatyStarted","conditions/ags_annihilation.scar","55"
"AGS_Annihilation","UpdateModuleSettings","AGS_Annihilation_UpdateModuleSettings","conditions/ags_annihilation.scar","34"
"AGS_AutoResources","PresetFinalize","AGS_AutoResources_PresetFinalize","gameplay/ags_auto_resources.scar","24"
"AGS_AutoResources","UpdateModuleSettings","AGS_AutoResources_UpdateModuleSettings","gameplay/ags_auto_resources.scar","18"
"AGS_Elimination","OnPlayerAITakeover","AGS_Elimination_OnPlayerAITakeover","conditions/ags_elimination.scar","30"
"AGS_Elimination","OnPlayerDefeated","AGS_Elimination_OnPlayerDefeated","conditions/ags_elimination.scar","60"
"AGS_Elimination","UpdateModuleSettings","AGS_Elimination_UpdateModuleSettings","conditions/ags_elimination.scar","23"
"AGS_GameRates","ApplyBonus","AGS_GameRates_ApplyBonus","gameplay/ags_game_rates.scar","38"
"AGS_GameRates","ApplyModifier","AGS_GameRates_ApplyModifier","gameplay/ags_game_rates.scar","51"
"AGS_GameRates","PresetFinalize","AGS_GameRates_PresetFinalize","gameplay/ags_game_rates.scar","27"
"AGS_GameRates","UpdateModuleSettings","AGS_GameRates_UpdateModuleSettings","gameplay/ags_game_rates.scar","20"
"AGS_GatherRates","ApplyBonus","AGS_GatherRates_ApplyBonus","gameplay/ags_gather_rates.scar","36"
"AGS_GatherRates","ApplyModifier","AGS_GatherRates_ApplyModifier","gameplay/ags_gather_rates.scar","51"
"AGS_GatherRates","PresetFinalize","AGS_GatherRates_PresetFinalize","gameplay/ags_gather_rates.scar","26"
"AGS_GatherRates","UpdateModuleSettings","AGS_GatherRates_UpdateModuleSettings","gameplay/ags_gather_rates.scar","19"
"AGS_GlobalSettings","CBA_Rewards","AGS_GlobalSettings_CBA_Rewards","ags_global_settings.scar","1418"
"AGS_GlobalSettings","DefineCbaSettings","AGS_GlobalSettings_DefineCbaSettings","ags_global_settings.scar","574"
"AGS_GlobalSettings","DefineGameConditions","AGS_GlobalSettings_DefineGameConditions","ags_global_settings.scar","355"
"AGS_GlobalSettings","DefineGameSettings","AGS_GlobalSettings_DefineGameSettings","ags_global_settings.scar","423"
"AGS_GlobalSettings","DefineHandicapSettings","AGS_GlobalSettings_DefineHandicapSettings","ags_global_settings.scar","567"
"AGS_GlobalSettings","DefineLegacySettings","AGS_GlobalSettings_DefineLegacySettings","ags_global_settings.scar","540"
"AGS_GlobalSettings","DefineMatchSettings","AGS_GlobalSettings_DefineMatchSettings","ags_global_settings.scar","473"
"AGS_GlobalSettings","DefinePlayerSettings","AGS_GlobalSettings_DefinePlayerSettings","ags_global_settings.scar","467"
"AGS_GlobalSettings","DefineRestrictionSettings","AGS_GlobalSettings_DefineRestrictionSettings","ags_global_settings.scar","582"
"AGS_GlobalSettings","DefineWinConditions","AGS_GlobalSettings_DefineWinConditions","ags_global_settings.scar","328"
"AGS_GlobalSettings","DefineWinSettings","AGS_GlobalSettings_DefineWinSettings","ags_global_settings.scar","381"
"AGS_GlobalSettings","EarlyInitializations","AGS_GlobalSettings_EarlyInitializations","ags_global_settings.scar","301"
"AGS_GlobalSettings","OnGameOver","AGS_GlobalSettings_OnGameOver","ags_global_settings.scar","307"
"AGS_GlobalSettings","OnLocalPlayerChanged","AGS_GlobalSettings_OnLocalPlayerChanged","ags_global_settings.scar","316"
"AGS_GlobalSettings","RetrieveSlotHandicap","AGS_GlobalSettings_RetrieveSlotHandicap","ags_global_settings.scar","1042"
"AGS_GlobalSettings","SetAutoAge","AGS_GlobalSettings_SetAutoAge","ags_global_settings.scar","1320"
"AGS_GlobalSettings","SetEndingAge","AGS_GlobalSettings_SetEndingAge","ags_global_settings.scar","843"
"AGS_GlobalSettings","SetGameRates","AGS_GlobalSettings_SetGameRates","ags_global_settings.scar","1218"
"AGS_GlobalSettings","SetGatherRates","AGS_GlobalSettings_SetGatherRates","ags_global_settings.scar","1270"
"AGS_GlobalSettings","SetHandicapType","AGS_GlobalSettings_SetHandicapType","ags_global_settings.scar","1003"
"AGS_GlobalSettings","SetMaintainTeamBalance","AGS_GlobalSettings_SetMaintainTeamBalance","ags_global_settings.scar","614"
"AGS_GlobalSettings","SetMapVision","AGS_GlobalSettings_SetMapVision","ags_global_settings.scar","821"
"AGS_GlobalSettings","SetMaximumMedicPopulation","AGS_GlobalSettings_SetMaximumMedicPopulation","ags_global_settings.scar","1352"
"AGS_GlobalSettings","SetMaximumPopulation","AGS_GlobalSettings_SetMaximumPopulation","ags_global_settings.scar","1156"
"AGS_GlobalSettings","SetMaximumProductionBuildings","AGS_GlobalSettings_SetMaximumProductionBuildings","ags_global_settings.scar","1376"
"AGS_GlobalSettings","SetMaximumSiegeWorkshop","AGS_GlobalSettings_SetMaximumSiegeWorkshop","ags_global_settings.scar","1400"
"AGS_GlobalSettings","SetMinimumPopulation","AGS_GlobalSettings_SetMinimumPopulation","ags_global_settings.scar","1118"
"AGS_GlobalSettings","SetPopulationinterval","AGS_GlobalSettings_SetPopulationinterval","ags_global_settings.scar","1332"
"AGS_GlobalSettings","SetReligiousTimer","AGS_GlobalSettings_SetReligiousTimer","ags_global_settings.scar","1076"
"AGS_GlobalSettings","SetScoreTimer","AGS_GlobalSettings_SetScoreTimer","ags_global_settings.scar","765"
"AGS_GlobalSettings","SetSettlement","AGS_GlobalSettings_SetSettlement","ags_global_settings.scar","641"
"AGS_GlobalSettings","SetSimulationSpeed","AGS_GlobalSettings_SetSimulationSpeed","ags_global_settings.scar","955"
"AGS_GlobalSettings","SetSlotHandicaps","AGS_GlobalSettings_SetSlotHandicaps","ags_global_settings.scar","1015"
"AGS_GlobalSettings","SetStartingAge","AGS_GlobalSettings_SetStartingAge","ags_global_settings.scar","831"
"AGS_GlobalSettings","SetStartingKeeps","AGS_GlobalSettings_SetStartingKeeps","ags_global_settings.scar","939"
"AGS_GlobalSettings","SetStartingKings","AGS_GlobalSettings_SetStartingKings","ags_global_settings.scar","947"
"AGS_GlobalSettings","SetStartingResources","AGS_GlobalSettings_SetStartingResources","ags_global_settings.scar","871"
"AGS_GlobalSettings","SetStartingVillagers","AGS_GlobalSettings_SetStartingVillagers","ags_global_settings.scar","889"
"AGS_GlobalSettings","SetTeamVictory","AGS_GlobalSettings_SetTeamVictory","ags_global_settings.scar","691"
"AGS_GlobalSettings","SetTeamVision","AGS_GlobalSettings_SetTeamVision","ags_global_settings.scar","811"
"AGS_GlobalSettings","SetTechnologyAge","AGS_GlobalSettings_SetTechnologyAge","ags_global_settings.scar","857"
"AGS_GlobalSettings","SetTownCenterRestricts","AGS_GlobalSettings_SetTownCenterRestricts","ags_global_settings.scar","993"
"AGS_GlobalSettings","SetTreaty","AGS_GlobalSettings_SetTreaty","ags_global_settings.scar","653"
"AGS_GlobalSettings","SetTreatyTimer","AGS_GlobalSettings_SetTreatyTimer","ags_global_settings.scar","661"
"AGS_GlobalSettings","SetUnitRates","AGS_GlobalSettings_SetUnitRates","ags_global_settings.scar","1192"
"AGS_GlobalSettings","SetupSettings","AGS_GlobalSettings_SetupSettings","ags_global_settings.scar","233"
"AGS_GlobalSettings","SetWonderScaleCost","AGS_GlobalSettings_SetWonderScaleCost","ags_global_settings.scar","743"
"AGS_GlobalSettings","SetWonderTimer","AGS_GlobalSettings_SetWonderTimer","ags_global_settings.scar","701"
"AGS_Handicaps","AddModifier","AGS_Handicaps_AddModifier","gameplay/ags_handicaps.scar","108"
"AGS_Handicaps","ApplyMilitaryBonus","AGS_Handicaps_ApplyMilitaryBonus","gameplay/ags_handicaps.scar","85"
"AGS_Handicaps","ApplyModifier","AGS_Handicaps_ApplyModifier","gameplay/ags_handicaps.scar","105"
"AGS_Handicaps","ApplyPerPlayer","AGS_Handicaps_ApplyPerPlayer","gameplay/ags_handicaps.scar","46"
"AGS_Handicaps","ApplyWorkerBonus","AGS_Handicaps_ApplyWorkerBonus","gameplay/ags_handicaps.scar","62"
"AGS_Handicaps","CreateListFrom","AGS_Handicaps_CreateListFrom","gameplay/ags_handicaps.scar","113"
"AGS_Handicaps","PresetFinalize","AGS_Handicaps_PresetFinalize","gameplay/ags_handicaps.scar","37"
"AGS_Handicaps","ToRaw","AGS_Handicaps_ToRaw","gameplay/ags_handicaps.scar","126"
"AGS_Handicaps","UpdateModuleSettings","AGS_Handicaps_UpdateModuleSettings","gameplay/ags_handicaps.scar","30"
"AGS_LimitsUI","AnimTick","AGS_LimitsUI_AnimTick","gameplay/ags_limits_ui.scar","574"
"AGS_LimitsUI","ApplyMargin","AGS_LimitsUI_ApplyMargin","gameplay/ags_limits_ui.scar","692"
"AGS_LimitsUI","BlendARGB","AGS_LimitsUI_BlendARGB","gameplay/ags_limits_ui.scar","389"
"AGS_LimitsUI","BlendRGB","AGS_LimitsUI_BlendRGB","gameplay/ags_limits_ui.scar","373"
"AGS_LimitsUI","BoostARGB","AGS_LimitsUI_BoostARGB","gameplay/ags_limits_ui.scar","673"
"AGS_LimitsUI","BoostRGB","AGS_LimitsUI_BoostRGB","gameplay/ags_limits_ui.scar","654"
"AGS_LimitsUI","CreateAndUpdateUI","AGS_LimitsUI_CreateAndUpdateUI","gameplay/ags_limits_ui.scar","740"
"AGS_LimitsUI","CreateUI","AGS_LimitsUI_CreateUI","gameplay/ags_limits_ui.scar","748"
"AGS_LimitsUI","DeferUpdate","AGS_LimitsUI_DeferUpdate","gameplay/ags_limits_ui.scar","274"
"AGS_LimitsUI","EarlyInitializations","AGS_LimitsUI_EarlyInitializations","gameplay/ags_limits_ui.scar","215"
"AGS_LimitsUI","GetColors","AGS_LimitsUI_GetColors","gameplay/ags_limits_ui.scar","312"
"AGS_LimitsUI","OnBuildItemComplete","AGS_LimitsUI_OnBuildItemComplete","gameplay/ags_limits_ui.scar","294"
"AGS_LimitsUI","OnConstructionComplete","AGS_LimitsUI_OnConstructionComplete","gameplay/ags_limits_ui.scar","290"
"AGS_LimitsUI","OnEntityKilled","AGS_LimitsUI_OnEntityKilled","gameplay/ags_limits_ui.scar","298"
"AGS_LimitsUI","OnGameOver","AGS_LimitsUI_OnGameOver","gameplay/ags_limits_ui.scar","249"
"AGS_LimitsUI","OnGameRestore","AGS_LimitsUI_OnGameRestore","gameplay/ags_limits_ui.scar","243"
"AGS_LimitsUI","OnPlay","AGS_LimitsUI_OnPlay","gameplay/ags_limits_ui.scar","219"
"AGS_LimitsUI","OnPlayerDefeated","AGS_LimitsUI_OnPlayerDefeated","gameplay/ags_limits_ui.scar","262"
"AGS_LimitsUI","OnSquadKilled","AGS_LimitsUI_OnSquadKilled","gameplay/ags_limits_ui.scar","302"
"AGS_LimitsUI","RecreateUI","AGS_LimitsUI_RecreateUI","gameplay/ags_limits_ui.scar","727"
"AGS_LimitsUI","Show","AGS_LimitsUI_Show","gameplay/ags_limits_ui.scar","712"
"AGS_LimitsUI","Update","AGS_LimitsUI_Update","gameplay/ags_limits_ui.scar","441"
"AGS_LimitsUI","UpdateModuleSettings","AGS_LimitsUI_UpdateModuleSettings","gameplay/ags_limits_ui.scar","202"
"AGS_MatchUI","CreateAndUpdateUI","AGS_MatchUI_CreateAndUpdateUI","specials/ags_match_ui.scar","111"
"AGS_MatchUI","CreateDataContext","AGS_MatchUI_CreateDataContext","specials/ags_match_ui.scar","85"
"AGS_MatchUI","CreateUI","AGS_MatchUI_CreateUI","specials/ags_match_ui.scar","116"
"AGS_MatchUI","EarlyInitializations","AGS_MatchUI_EarlyInitializations","specials/ags_match_ui.scar","53"
"AGS_MatchUI","HideDropdown","AGS_MatchUI_HideDropdown","specials/ags_match_ui.scar","372"
"AGS_MatchUI","OnGameOver","AGS_MatchUI_OnGameOver","specials/ags_match_ui.scar","69"
"AGS_MatchUI","OnGameRestore","AGS_MatchUI_OnGameRestore","specials/ags_match_ui.scar","63"
"AGS_MatchUI","OnPlay","AGS_MatchUI_OnPlay","specials/ags_match_ui.scar","58"
"AGS_MatchUI","OnPlayerDefeated","AGS_MatchUI_OnPlayerDefeated","specials/ags_match_ui.scar","74"
"AGS_MatchUI","Show","AGS_MatchUI_Show","specials/ags_match_ui.scar","104"
"AGS_MatchUI","ToggleDropdown","AGS_MatchUI_ToggleDropdown","specials/ags_match_ui.scar","361"
"AGS_MatchUI","ToggleObjectives","AGS_MatchUI_ToggleObjectives","specials/ags_match_ui.scar","378"
"AGS_MatchUI","Update","AGS_MatchUI_Update","specials/ags_match_ui.scar","94"
"AGS_MatchUI","UpdateModuleSettings","AGS_MatchUI_UpdateModuleSettings","specials/ags_match_ui.scar","46"
"AGS_MedicPopulationCapacity","ApplyMaxCapMedicPopulation","AGS_MedicPopulationCapacity_ApplyMaxCapMedicPopulation","gameplay/ags_population_capacity.scar","107"
"AGS_MedicPopulationCapacity","ApplyMinMedicPopulation","AGS_MedicPopulationCapacity_ApplyMinMedicPopulation","gameplay/ags_population_capacity.scar","103"
"AGS_MedicPopulationCapacity","Change","AGS_MedicPopulationCapacity_Change","gameplay/ags_population_capacity.scar","90"
"AGS_MedicPopulationCapacity","PresetFinalize","AGS_MedicPopulationCapacity_PresetFinalize","gameplay/ags_population_capacity.scar","50"
"AGS_MedicPopulationCapacity","SetMinMedicPopulation","AGS_MedicPopulationCapacity_SetMinMedicPopulation","gameplay/ags_population_capacity.scar","97"
"AGS_MedicPopulationCapacity","UpdateModuleSettings","AGS_MedicPopulationCapacity_UpdateModuleSettings","gameplay/ags_population_capacity.scar","43"
"AGS_NoArsenal","Lock","AGS_NoArsenal_Lock","gameplay/ags_no_dock.scar","160"
"AGS_NoArsenal","PresetFinalize","AGS_NoArsenal_PresetFinalize","gameplay/ags_no_dock.scar","77"
"AGS_NoArsenal","UpdateModuleSettings","AGS_NoArsenal_UpdateModuleSettings","gameplay/ags_no_dock.scar","70"
"AGS_NoDock","Lock","AGS_NoDock_Lock","gameplay/ags_no_dock.scar","86"
"AGS_NoDock","PresetFinalize","AGS_NoDock_PresetFinalize","gameplay/ags_no_dock.scar","33"
"AGS_NoDock","UpdateModuleSettings","AGS_NoDock_UpdateModuleSettings","gameplay/ags_no_dock.scar","26"
"AGS_NoSiege","Lock","AGS_NoSiege_Lock","gameplay/ags_no_dock.scar","106"
"AGS_NoSiege","PresetFinalize","AGS_NoSiege_PresetFinalize","gameplay/ags_no_dock.scar","63"
"AGS_NoSiege","UpdateModuleSettings","AGS_NoSiege_UpdateModuleSettings","gameplay/ags_no_dock.scar","56"
"AGS_NoWall","Lock","AGS_NoWall_Lock","gameplay/ags_no_dock.scar","93"
"AGS_NoWall","PresetFinalize","AGS_NoWall_PresetFinalize","gameplay/ags_no_dock.scar","48"
"AGS_NoWall","UpdateModuleSettings","AGS_NoWall_UpdateModuleSettings","gameplay/ags_no_dock.scar","41"
"AGS_PopulationAutomatic","ApplyStartCaps","AGS_PopulationAutomatic_ApplyStartCaps","gameplay/ags_auto_population.scar","96"
"AGS_PopulationAutomatic","CompensateInnate","AGS_PopulationAutomatic_CompensateInnate","gameplay/ags_auto_population.scar","65"
"AGS_PopulationAutomatic","EarlyInitializations","AGS_PopulationAutomatic_EarlyInitializations","gameplay/ags_auto_population.scar","46"
"AGS_PopulationAutomatic","NormalizeStartCap","AGS_PopulationAutomatic_NormalizeStartCap","gameplay/ags_auto_population.scar","82"
"AGS_PopulationAutomatic","PresetFinalize","AGS_PopulationAutomatic_PresetFinalize","gameplay/ags_auto_population.scar","52"
"AGS_PopulationAutomatic","ReconcileCapDrift","AGS_PopulationAutomatic_ReconcileCapDrift","gameplay/ags_auto_population.scar","171"
"AGS_PopulationAutomatic","UpdateModuleSettings","AGS_PopulationAutomatic_UpdateModuleSettings","gameplay/ags_auto_population.scar","38"
"AGS_PopulationCapacity","AdjustSettings","AGS_PopulationCapacity_AdjustSettings","gameplay/ags_population_capacity.scar","28"
"AGS_PopulationCapacity","ApplyMaxCapPopulation","AGS_PopulationCapacity_ApplyMaxCapPopulation","gameplay/ags_population_capacity.scar","84"
"AGS_PopulationCapacity","ApplyMinPopulation","AGS_PopulationCapacity_ApplyMinPopulation","gameplay/ags_population_capacity.scar","80"
"AGS_PopulationCapacity","Change","AGS_PopulationCapacity_Change","gameplay/ags_population_capacity.scar","60"
"AGS_PopulationCapacity","PresetFinalize","AGS_PopulationCapacity_PresetFinalize","gameplay/ags_population_capacity.scar","35"
"AGS_PopulationCapacity","SetMinPopulation","AGS_PopulationCapacity_SetMinPopulation","gameplay/ags_population_capacity.scar","67"
"AGS_PopulationCapacity","UpdateModuleSettings","AGS_PopulationCapacity_UpdateModuleSettings","gameplay/ags_population_capacity.scar","21"
"AGS_RevealFowOnElimination","OnPlayerDefeated","AGS_RevealFowOnElimination_OnPlayerDefeated","gameplay/ags_reveal_fow_on_elimination.scar","25"
"AGS_RevealFowOnElimination","Reveal","AGS_RevealFowOnElimination_Reveal","gameplay/ags_reveal_fow_on_elimination.scar","34"
"AGS_RevealFowOnElimination","UpdateModuleSettings","AGS_RevealFowOnElimination_UpdateModuleSettings","gameplay/ags_reveal_fow_on_elimination.scar","18"
"AGS_Scattered","AdjustSettings","AGS_Scattered_AdjustSettings","startconditions/ags_start_scattered.scar","23"
"AGS_Scattered","CreateSpawn","AGS_Scattered_CreateSpawn","startconditions/ags_start_scattered.scar","97"
"AGS_Scattered","DestroySpawn","AGS_Scattered_DestroySpawn","startconditions/ags_start_scattered.scar","82"
"AGS_Scattered","EarlyInitializations","AGS_Scattered_EarlyInitializations","startconditions/ags_start_scattered.scar","37"
"AGS_Scattered","GetScatterPosition","AGS_Scattered_GetScatterPosition","startconditions/ags_start_scattered.scar","90"
"AGS_Scattered","OnStarting","AGS_Scattered_OnStarting","startconditions/ags_start_scattered.scar","56"
"AGS_Scattered","PresetExecute","AGS_Scattered_PresetExecute","startconditions/ags_start_scattered.scar","51"
"AGS_Scattered","PresetInitialize","AGS_Scattered_PresetInitialize","startconditions/ags_start_scattered.scar","44"
"AGS_Scattered","UpdateModuleSettings","AGS_Scattered_UpdateModuleSettings","startconditions/ags_start_scattered.scar","30"
"AGS_SpecialPopulationUI","CreateAndUpdateUI","AGS_SpecialPopulationUI_CreateAndUpdateUI","gameplay/ags_special_population_ui.scar","151"
"AGS_SpecialPopulationUI","CreateDataContext","AGS_SpecialPopulationUI_CreateDataContext","gameplay/ags_special_population_ui.scar","99"
"AGS_SpecialPopulationUI","CreateUI","AGS_SpecialPopulationUI_CreateUI","gameplay/ags_special_population_ui.scar","156"
"AGS_SpecialPopulationUI","EarlyInitializations","AGS_SpecialPopulationUI_EarlyInitializations","gameplay/ags_special_population_ui.scar","41"
"AGS_SpecialPopulationUI","MarginError","AGS_SpecialPopulationUI_MarginError","gameplay/ags_special_population_ui.scar","129"
"AGS_SpecialPopulationUI","OnBuildItemComplete","AGS_SpecialPopulationUI_OnBuildItemComplete","gameplay/ags_special_population_ui.scar","85"
"AGS_SpecialPopulationUI","OnConstructionComplete","AGS_SpecialPopulationUI_OnConstructionComplete","gameplay/ags_special_population_ui.scar","82"
"AGS_SpecialPopulationUI","OnEntityKilled","AGS_SpecialPopulationUI_OnEntityKilled","gameplay/ags_special_population_ui.scar","88"
"AGS_SpecialPopulationUI","OnGameOver","AGS_SpecialPopulationUI_OnGameOver","gameplay/ags_special_population_ui.scar","62"
"AGS_SpecialPopulationUI","OnGameRestore","AGS_SpecialPopulationUI_OnGameRestore","gameplay/ags_special_population_ui.scar","56"
"AGS_SpecialPopulationUI","OnPlay","AGS_SpecialPopulationUI_OnPlay","gameplay/ags_special_population_ui.scar","46"
"AGS_SpecialPopulationUI","OnPlayerDefeated","AGS_SpecialPopulationUI_OnPlayerDefeated","gameplay/ags_special_population_ui.scar","71"
"AGS_SpecialPopulationUI","OnSquadKilled","AGS_SpecialPopulationUI_OnSquadKilled","gameplay/ags_special_population_ui.scar","91"
"AGS_SpecialPopulationUI","Show","AGS_SpecialPopulationUI_Show","gameplay/ags_special_population_ui.scar","144"
"AGS_SpecialPopulationUI","Update","AGS_SpecialPopulationUI_Update","gameplay/ags_special_population_ui.scar","108"
"AGS_SpecialPopulationUI","UpdateModuleSettings","AGS_SpecialPopulationUI_UpdateModuleSettings","gameplay/ags_special_population_ui.scar","34"
"AGS_StartingAge","LateInitializations","AGS_StartingAge_LateInitializations","gameplay/ags_starting_age.scar","25"
"AGS_StartingAge","UpdateModuleSettings","AGS_StartingAge_UpdateModuleSettings","gameplay/ags_starting_age.scar","18"
"AGS_StartingAge","UpgradeAllPlayers","AGS_StartingAge_UpgradeAllPlayers","gameplay/ags_starting_age.scar","34"
"AGS_StartingAge","UpgradePlayer","AGS_StartingAge_UpgradePlayer","gameplay/ags_starting_age.scar","40"
"AGS_Surrender","CheckAI","AGS_Surrender_CheckAI","conditions/ags_surrender.scar","94"
"AGS_Surrender","Notify","AGS_Surrender_Notify","conditions/ags_surrender.scar","84"
"AGS_Surrender","OnPlay","AGS_Surrender_OnPlay","conditions/ags_surrender.scar","30"
"AGS_Surrender","OnPlayerDefeated","AGS_Surrender_OnPlayerDefeated","conditions/ags_surrender.scar","53"
"AGS_Surrender","OnSurrenderMatchRequested","AGS_Surrender_OnSurrenderMatchRequested","conditions/ags_surrender.scar","47"
"AGS_Surrender","UpdateModuleSettings","AGS_Surrender_UpdateModuleSettings","conditions/ags_surrender.scar","23"
"AGS_TeamBalance","IncreaseCapPopulation","AGS_TeamBalance_IncreaseCapPopulation","gameplay/ags_team_balance.scar","213"
"AGS_TeamBalance","IncreaseMaxCapPopulation","AGS_TeamBalance_IncreaseMaxCapPopulation","gameplay/ags_team_balance.scar","217"
"AGS_TeamBalance","OnPlayerDefeated","AGS_TeamBalance_OnPlayerDefeated","gameplay/ags_team_balance.scar","32"
"AGS_TeamBalance","UpdateAllLimits","AGS_TeamBalance_UpdateAllLimits","gameplay/ags_team_balance.scar","165"
"AGS_TeamBalance","UpdateAutoRates","AGS_TeamBalance_UpdateAutoRates","gameplay/ags_team_balance.scar","191"
"AGS_TeamBalance","UpdateModuleSettings","AGS_TeamBalance_UpdateModuleSettings","gameplay/ags_team_balance.scar","25"
"AGS_TeamBalance","UpdateTeam","AGS_TeamBalance_UpdateTeam","gameplay/ags_team_balance.scar","41"
"AGS_TeamBalance","UpdateTeamMedicPopulation","AGS_TeamBalance_UpdateTeamMedicPopulation","gameplay/ags_team_balance.scar","125"
"AGS_TeamBalance","UpdateTeamPopulation","AGS_TeamBalance_UpdateTeamPopulation","gameplay/ags_team_balance.scar","99"
"AGS_TeamBalance","UpdateTeamResources","AGS_TeamBalance_UpdateTeamResources","gameplay/ags_team_balance.scar","147"
"AGS_Teams","AreTeamVictoryEligible","AGS_Teams_AreTeamVictoryEligible","helpers/ags_teams.scar","269"
"AGS_Teams","CountAliveAllies","AGS_Teams_CountAliveAllies","helpers/ags_teams.scar","303"
"AGS_Teams","CountAliveInGroup","AGS_Teams_CountAliveInGroup","helpers/ags_teams.scar","289"
"AGS_Teams","CountAlivePlayers","AGS_Teams_CountAlivePlayers","helpers/ags_teams.scar","299"
"AGS_Teams","CreateFFA","AGS_Teams_CreateFFA","helpers/ags_teams.scar","66"
"AGS_Teams","CreateInitialTeams","AGS_Teams_CreateInitialTeams","helpers/ags_teams.scar","47"
"AGS_Teams","CreateStaticTeams","AGS_Teams_CreateStaticTeams","helpers/ags_teams.scar","78"
"AGS_Teams","DoesWinnerGroupExists","AGS_Teams_DoesWinnerGroupExists","helpers/ags_teams.scar","106"
"AGS_Teams","EarlyInitializations","AGS_Teams_EarlyInitializations","helpers/ags_teams.scar","19"
"AGS_Teams","GetAllCurrentOpponents","AGS_Teams_GetAllCurrentOpponents","helpers/ags_teams.scar","212"
"AGS_Teams","GetAllCurrentTeammates","AGS_Teams_GetAllCurrentTeammates","helpers/ags_teams.scar","240"
"AGS_Teams","GetAllMutualFriendshipPlayers","AGS_Teams_GetAllMutualFriendshipPlayers","helpers/ags_teams.scar","199"
"AGS_Teams","GetDynamicTeamWinners","AGS_Teams_GetDynamicTeamWinners","helpers/ags_teams.scar","158"
"AGS_Teams","GetSoloTeamWinner","AGS_Teams_GetSoloTeamWinner","helpers/ags_teams.scar","132"
"AGS_Teams","GetStaticTeamAliveMembers","AGS_Teams_GetStaticTeamAliveMembers","helpers/ags_teams.scar","181"
"AGS_Teams","GetStaticTeamWinnders","AGS_Teams_GetStaticTeamWinnders","helpers/ags_teams.scar","146"
"AGS_Teams","IsTeamAlive","AGS_Teams_IsTeamAlive","helpers/ags_teams.scar","120"
"AGS_Teams","IsTeamVictoryEligible","AGS_Teams_IsTeamVictoryEligible","helpers/ags_teams.scar","264"
"AGS_Teams","OnPlayerDefeated","AGS_Teams_OnPlayerDefeated","helpers/ags_teams.scar","25"
"AGS_Testing","HasCommandLineOption","AGS_Testing_HasCommandLineOption","specials/ags_testing.scar","49"
"AGS_Testing","OnPlay","AGS_Testing_OnPlay","specials/ags_testing.scar","25"
"AGS_Testing","RemoveGaia","AGS_Testing_RemoveGaia","specials/ags_testing.scar","35"
"AGS_Testing","RemoveUnits","AGS_Testing_RemoveUnits","specials/ags_testing.scar","43"
"AGS_Testing","SpawnTest","AGS_Testing_SpawnTest","specials/ags_testing.scar","53"
"AGS_Testing","UpdateModuleSettings","AGS_Testing_UpdateModuleSettings","specials/ags_testing.scar","18"
"AGS_TreeBombardment","DestroyTreeGroup","AGS_TreeBombardment_DestroyTreeGroup","gameplay/ags_tree_bombardment.scar","103"
"AGS_TreeBombardment","OnExpectedLanding","AGS_TreeBombardment_OnExpectedLanding","gameplay/ags_tree_bombardment.scar","88"
"AGS_TreeBombardment","OnGameOver","AGS_TreeBombardment_OnGameOver","gameplay/ags_tree_bombardment.scar","50"
"AGS_TreeBombardment","OnProjectileFired","AGS_TreeBombardment_OnProjectileFired","gameplay/ags_tree_bombardment.scar","60"
"AGS_TreeBombardment","OnProjectileLanded","AGS_TreeBombardment_OnProjectileLanded","gameplay/ags_tree_bombardment.scar","72"
"AGS_TreeBombardment","PrepareStart","AGS_TreeBombardment_PrepareStart","gameplay/ags_tree_bombardment.scar","44"
"AGS_TreeBombardment","UpdateModuleSettings","AGS_TreeBombardment_UpdateModuleSettings","gameplay/ags_tree_bombardment.scar","37"
"AGS_UnitRates","ApplyBonus","AGS_UnitRates_ApplyBonus","gameplay/ags_unit_rates.scar","36"
"AGS_UnitRates","ApplyModifier","AGS_UnitRates_ApplyModifier","gameplay/ags_unit_rates.scar","47"
"AGS_UnitRates","PresetFinalize","AGS_UnitRates_PresetFinalize","gameplay/ags_unit_rates.scar","26"
"AGS_UnitRates","UpdateModuleSettings","AGS_UnitRates_UpdateModuleSettings","gameplay/ags_unit_rates.scar","19"
"AGS_Utilities","AdjustSettings","AGS_Utilities_AdjustSettings","specials/ags_utilities.scar","73"
"AGS_Utilities","LateInitializations","AGS_Utilities_LateInitializations","specials/ags_utilities.scar","79"
"AGS_Utilities","OnPlay","AGS_Utilities_OnPlay","specials/ags_utilities.scar","84"
"AGS_Utilities","StandardReplay","AGS_Utilities_StandardReplay","specials/ags_utilities.scar","138"
"AGS_Utilities","StandardReplayCallbacks","AGS_Utilities_StandardReplayCallbacks","specials/ags_utilities.scar","152"
"AGS_Utilities","UpdateModuleSettings","AGS_Utilities_UpdateModuleSettings","specials/ags_utilities.scar","66"
"AGS_Wonder","CleanWonder","AGS_Wonder_CleanWonder","conditions/ags_wonder.scar","412"
"AGS_Wonder","Construction","AGS_Wonder_Construction","conditions/ags_wonder.scar","176"
"AGS_Wonder","ConstructionCompleted","AGS_Wonder_ConstructionCompleted","conditions/ags_wonder.scar","209"
"AGS_Wonder","ConstructionStarted","AGS_Wonder_ConstructionStarted","conditions/ags_wonder.scar","201"
"AGS_Wonder","CreateBuildObjective","AGS_Wonder_CreateBuildObjective","conditions/ags_wonder.scar","349"
"AGS_Wonder","CreateTimerNotifications","AGS_Wonder_CreateTimerNotifications","conditions/ags_wonder.scar","390"
"AGS_Wonder","CreateTimerObjective","AGS_Wonder_CreateTimerObjective","conditions/ags_wonder.scar","303"
"AGS_Wonder","DeactivateTimers","AGS_Wonder_DeactivateTimers","conditions/ags_wonder.scar","290"
"AGS_Wonder","Destroyed","AGS_Wonder_Destroyed","conditions/ags_wonder.scar","488"
"AGS_Wonder","EnableConstruction","AGS_Wonder_EnableConstruction","conditions/ags_wonder.scar","284"
"AGS_Wonder","FailTimerObjective","AGS_Wonder_FailTimerObjective","conditions/ags_wonder.scar","358"
"AGS_Wonder","InformNegativeProgressChange","AGS_Wonder_InformNegativeProgressChange","conditions/ags_wonder.scar","467"
"AGS_Wonder","InitializeWonders","AGS_Wonder_InitializeWonders","conditions/ags_wonder.scar","270"
"AGS_Wonder","OnConstructionComplete","AGS_Wonder_OnConstructionComplete","conditions/ags_wonder.scar","172"
"AGS_Wonder","OnConstructionStart","AGS_Wonder_OnConstructionStart","conditions/ags_wonder.scar","168"
"AGS_Wonder","OnDamageReceived","AGS_Wonder_OnDamageReceived","conditions/ags_wonder.scar","132"
"AGS_Wonder","OnEntityKilled","AGS_Wonder_OnEntityKilled","conditions/ags_wonder.scar","215"
"AGS_Wonder","OnGameOver","AGS_Wonder_OnGameOver","conditions/ags_wonder.scar","116"
"AGS_Wonder","OnObjectiveToggle","AGS_Wonder_OnObjectiveToggle","conditions/ags_wonder.scar","109"
"AGS_Wonder","OnPlay","AGS_Wonder_OnPlay","conditions/ags_wonder.scar","46"
"AGS_Wonder","OnPlayerDefeated","AGS_Wonder_OnPlayerDefeated","conditions/ags_wonder.scar","72"
"AGS_Wonder","OnRelationshipChanged","AGS_Wonder_OnRelationshipChanged","conditions/ags_wonder.scar","82"
"AGS_Wonder","OnTimerTick","AGS_Wonder_OnTimerTick","conditions/ags_wonder.scar","251"
"AGS_Wonder","RemoveAllObjectives","AGS_Wonder_RemoveAllObjectives","conditions/ags_wonder.scar","298"
"AGS_Wonder","RemoveBuildObjective","AGS_Wonder_RemoveBuildObjective","conditions/ags_wonder.scar","354"
"AGS_Wonder","RemoveTimerObjectives","AGS_Wonder_RemoveTimerObjectives","conditions/ags_wonder.scar","341"
"AGS_Wonder","ResetTimerObjective","AGS_Wonder_ResetTimerObjective","conditions/ags_wonder.scar","398"
"AGS_Wonder","StartCountdown","AGS_Wonder_StartCountdown","conditions/ags_wonder.scar","376"
"AGS_Wonder","TimerProgressNotification","AGS_Wonder_TimerProgressNotification","conditions/ags_wonder.scar","516"
"AGS_Wonder","TimerUpdate","AGS_Wonder_TimerUpdate","conditions/ags_wonder.scar","503"
"AGS_Wonder","TreatyEnded","AGS_Wonder_TreatyEnded","conditions/ags_wonder.scar","66"
"AGS_Wonder","TreatyStarted","AGS_Wonder_TreatyStarted","conditions/ags_wonder.scar","59"
"AGS_Wonder","TryDeclareWinners","AGS_Wonder_TryDeclareWinners","conditions/ags_wonder.scar","457"
"AGS_Wonder","UpdateModuleSettings","AGS_Wonder_UpdateModuleSettings","conditions/ags_wonder.scar","35"
"AGS_Wonder","UpdateTimerObjectives","AGS_Wonder_UpdateTimerObjectives","conditions/ags_wonder.scar","325"
"AGS_Wonder","UpdateWonderTimer","AGS_Wonder_UpdateWonderTimer","conditions/ags_wonder.scar","334"
"AGS_Wonder","VictoryTriggered","AGS_Wonder_VictoryTriggered","conditions/ags_wonder.scar","434"
"AGS_Wonder","WarnEveryone","AGS_Wonder_WarnEveryone","conditions/ags_wonder.scar","367"
"Annihilation","CheckAnnihilationCondition","Annihilation_CheckAnnihilationCondition","cba_annihilation.scar","141"
"Annihilation","CheckVictory","Annihilation_CheckVictory","cba_annihilation.scar","290"
"Annihilation","DiplomacyEnabled","Annihilation_DiplomacyEnabled","cba_annihilation.scar","64"
"Annihilation","GetActiveEnemyCount","Annihilation_GetActiveEnemyCount","cba_annihilation.scar","343"
"Annihilation","IsACapital","Annihilation_IsACapital","cba_annihilation.scar","363"
"Annihilation","IsALandmark","Annihilation_IsALandmark","cba_annihilation.scar","368"
"Annihilation","LoserPresentation","Annihilation_LoserPresentation","cba_annihilation.scar","414"
"Annihilation","OnConstructionComplete","Annihilation_OnConstructionComplete","cba_annihilation.scar","113"
"Annihilation","OnEntityKilled","Annihilation_OnEntityKilled","cba_annihilation.scar","136"
"Annihilation","OnGameOver","Annihilation_OnGameOver","cba_annihilation.scar","102"
"Annihilation","OnInit","Annihilation_OnInit","cba_annihilation.scar","76"
"Annihilation","OnLandmarkDestroyed","Annihilation_OnLandmarkDestroyed","cba_annihilation.scar","130"
"Annihilation","OnPlayerDefeated","Annihilation_OnPlayerDefeated","cba_annihilation.scar","268"
"Annihilation","PlayerCanReceiveTribute","Annihilation_PlayerCanReceiveTribute","cba_annihilation.scar","373"
"Annihilation","Start","Annihilation_Start","cba_annihilation.scar","92"
"Annihilation","TributeEnabled","Annihilation_TributeEnabled","cba_annihilation.scar","71"
"Annihilation","WinnerPresentation","Annihilation_WinnerPresentation","cba_annihilation.scar","396"
"CBA_AutoAge","ConstructionComplete","CBA_AutoAge_ConstructionComplete","gameplay/cba_auto_age.scar","279"
"CBA_AutoAge","PlayerHasAnyUpgrade","CBA_AutoAge_PlayerHasAnyUpgrade","gameplay/cba_auto_age.scar","80"
"CBA_AutoAge","PresetFinalize","CBA_AutoAge_PresetFinalize","gameplay/cba_auto_age.scar","66"
"CBA_AutoAge","ReconcileSpecialProgress","CBA_AutoAge_ReconcileSpecialProgress","gameplay/cba_auto_age.scar","163"
"CBA_AutoAge","SetBuildCount","CBA_AutoAge_SetBuildCount","gameplay/cba_auto_age.scar","142"
"CBA_AutoAge","SetMaxAge","CBA_AutoAge_SetMaxAge","gameplay/cba_auto_age.scar","356"
"CBA_AutoAge","SetUpgradeAvailabilitySafe","CBA_AutoAge_SetUpgradeAvailabilitySafe","gameplay/cba_auto_age.scar","93"
"CBA_AutoAge","SetupObjective","CBA_AutoAge_SetupObjective","gameplay/cba_auto_age.scar","198"
"CBA_AutoAge","SyncSpecialUpgradeAvailability","CBA_AutoAge_SyncSpecialUpgradeAvailability","gameplay/cba_auto_age.scar","111"
"CBA_AutoAge","UpdateModuleSettings","CBA_AutoAge_UpdateModuleSettings","gameplay/cba_auto_age.scar","59"
"CBA_AutoAge","UpdateTimer","CBA_AutoAge_UpdateTimer","gameplay/cba_auto_age.scar","261"
"CBA_AutoAge","UpgradeComplete","CBA_AutoAge_UpgradeComplete","gameplay/cba_auto_age.scar","183"
"CBA_Debug","EarlyInitializations","CBA_Debug_EarlyInitializations","debug/cba_debug_core.scar","73"
"CBA_Debug","UpdateModuleSettings","CBA_Debug_UpdateModuleSettings","debug/cba_debug_core.scar","65"
"CBA_HREBalance","ApplyModifier","CBA_HREBalance_ApplyModifier","gameplay/cba_hre_balance.scar","67"
"CBA_HREBalance","ApplyPenalty","CBA_HREBalance_ApplyPenalty","gameplay/cba_hre_balance.scar","44"
"CBA_HREBalance","PresetFinalize","CBA_HREBalance_PresetFinalize","gameplay/cba_hre_balance.scar","28"
"CBA_HREBalance","UpdateModuleSettings","CBA_HREBalance_UpdateModuleSettings","gameplay/cba_hre_balance.scar","20"
"CBA_Options","AddScuttle_ConstructionComplete","CBA_Options_AddScuttle_ConstructionComplete","gameplay/cba_options.scar","797"
"CBA_Options","BuildingLimit_ConstructionCancelled","CBA_Options_BuildingLimit_ConstructionCancelled","gameplay/cba_options.scar","460"
"CBA_Options","BuildingLimit_ConstructionStart","CBA_Options_BuildingLimit_ConstructionStart","gameplay/cba_options.scar","338"
"CBA_Options","BuildingLimit_EnforceExcess","CBA_Options_BuildingLimit_EnforceExcess","gameplay/cba_options.scar","1765"
"CBA_Options","BuildingLimit_OnEntityKilled","CBA_Options_BuildingLimit_OnEntityKilled","gameplay/cba_options.scar","573"
"CBA_Options","BuildingLimit_RecountPlayer","CBA_Options_BuildingLimit_RecountPlayer","gameplay/cba_options.scar","1696"
"CBA_Options","BuildingLimit_SetupObjective","CBA_Options_BuildingLimit_SetupObjective","gameplay/cba_options.scar","237"
"CBA_Options","DarkAge_Unlocks","CBA_Options_DarkAge_Unlocks","gameplay/cba_options.scar","816"
"CBA_Options","EnforcePopulationCap","CBA_Options_EnforcePopulationCap","gameplay/cba_options.scar","1824"
"CBA_Options","EnforcePostTransfer","CBA_Options_EnforcePostTransfer","gameplay/cba_options.scar","1878"
"CBA_Options","EnforcePostTransfer_Enforce","CBA_Options_EnforcePostTransfer_Enforce","gameplay/cba_options.scar","1915"
"CBA_Options","EnforcePostTransfer_Recount","CBA_Options_EnforcePostTransfer_Recount","gameplay/cba_options.scar","1906"
"CBA_Options","EnforcePostTransfer_UI","CBA_Options_EnforcePostTransfer_UI","gameplay/cba_options.scar","1933"
"CBA_Options","FieldConstruct_Gate","CBA_Options_FieldConstruct_Gate","gameplay/cba_options.scar","2048"
"CBA_Options","GetPlayerOutpostLimit","CBA_Options_GetPlayerOutpostLimit","gameplay/cba_options.scar","197"
"CBA_Options","GetPlayerProdLimit","CBA_Options_GetPlayerProdLimit","gameplay/cba_options.scar","165"
"CBA_Options","GetPlayerRamLimit","CBA_Options_GetPlayerRamLimit","gameplay/cba_options.scar","187"
"CBA_Options","GetPlayerSiegeLimit","CBA_Options_GetPlayerSiegeLimit","gameplay/cba_options.scar","182"
"CBA_Options","GetPlayerSiegeTowerLimit","CBA_Options_GetPlayerSiegeTowerLimit","gameplay/cba_options.scar","192"
"CBA_Options","GetPlayerWorkshopLimit","CBA_Options_GetPlayerWorkshopLimit","gameplay/cba_options.scar","177"
"CBA_Options","GetRamLimitMax","CBA_Options_GetRamLimitMax","gameplay/cba_options.scar","2268"
"CBA_Options","GetRamWeight","CBA_Options_GetRamWeight","gameplay/cba_options.scar","2715"
"CBA_Options","GetRamWeightEntity","CBA_Options_GetRamWeightEntity","gameplay/cba_options.scar","2729"
"CBA_Options","GetRamWeightSBP","CBA_Options_GetRamWeightSBP","gameplay/cba_options.scar","2722"
"CBA_Options","GetSiegeTowerLimitMax","CBA_Options_GetSiegeTowerLimitMax","gameplay/cba_options.scar","2272"
"CBA_Options","GetSiegeWeaponBPMaps","CBA_Options_GetSiegeWeaponBPMaps","gameplay/cba_options.scar","2511"
"CBA_Options","GetSiegeWeaponPointsEBP","CBA_Options_GetSiegeWeaponPointsEBP","gameplay/cba_options.scar","2648"
"CBA_Options","GetSiegeWeaponPointsEntity","CBA_Options_GetSiegeWeaponPointsEntity","gameplay/cba_options.scar","2680"
"CBA_Options","GetSiegeWeaponPointsSBP","CBA_Options_GetSiegeWeaponPointsSBP","gameplay/cba_options.scar","2612"
"CBA_Options","GetWorkshopLimit","CBA_Options_GetWorkshopLimit","gameplay/cba_options.scar","170"
"CBA_Options","HasSiegeEngineers","CBA_Options_HasSiegeEngineers","gameplay/cba_options.scar","1617"
"CBA_Options","IsRamTowerEBP","CBA_Options_IsRamTowerEBP","gameplay/cba_options.scar","2479"
"CBA_Options","IsRamTowerEntity","CBA_Options_IsRamTowerEntity","gameplay/cba_options.scar","2493"
"CBA_Options","IsRamTowerSBP","CBA_Options_IsRamTowerSBP","gameplay/cba_options.scar","2453"
"CBA_Options","IsRamTowerSquad","CBA_Options_IsRamTowerSquad","gameplay/cba_options.scar","2467"
"CBA_Options","IsSiegeWeaponBPMatch_EBP","CBA_Options_IsSiegeWeaponBPMatch_EBP","gameplay/cba_options.scar","2589"
"CBA_Options","IsSiegeWeaponBPMatch_SBP","CBA_Options_IsSiegeWeaponBPMatch_SBP","gameplay/cba_options.scar","2598"
"CBA_Options","OutpostRestrictions","CBA_Options_OutpostRestrictions","gameplay/cba_options.scar","894"
"CBA_Options","PresetFinalize","CBA_Options_PresetFinalize","gameplay/cba_options.scar","53"
"CBA_Options","RamLimit_ApplyThreshold","CBA_Options_RamLimit_ApplyThreshold","gameplay/cba_options.scar","2196"
"CBA_Options","RamLimit_Disable","CBA_Options_RamLimit_Disable","gameplay/cba_options.scar","2141"
"CBA_Options","RamLimit_EnforceSpawnCap","CBA_Options_RamLimit_EnforceSpawnCap","gameplay/cba_options.scar","2321"
"CBA_Options","RamLimit_GetQueuedCount","CBA_Options_RamLimit_GetQueuedCount","gameplay/cba_options.scar","2940"
"CBA_Options","RamLimit_Recount","CBA_Options_RamLimit_Recount","gameplay/cba_options.scar","2771"
"CBA_Options","RamLimit_RollbackExcessScaffolds","CBA_Options_RamLimit_RollbackExcessScaffolds","gameplay/cba_options.scar","2736"
"CBA_Options","RamLimit_TrimQueue","CBA_Options_RamLimit_TrimQueue","gameplay/cba_options.scar","2966"
"CBA_Options","RamTowerOnly_Disable","CBA_Options_RamTowerOnly_Disable","gameplay/cba_options.scar","2170"
"CBA_Options","RevalidateAll","CBA_Options_RevalidateAll","gameplay/cba_options.scar","1944"
"CBA_Options","RevalidateAllPlayers","CBA_Options_RevalidateAllPlayers","gameplay/cba_options.scar","1960"
"CBA_Options","ShouldLogSiegeStandard","CBA_Options_ShouldLogSiegeStandard","gameplay/cba_options.scar","20"
"CBA_Options","ShouldLogSiegeStateChange","CBA_Options_ShouldLogSiegeStateChange","gameplay/cba_options.scar","34"
"CBA_Options","ShouldLogSiegeVerbose","CBA_Options_ShouldLogSiegeVerbose","gameplay/cba_options.scar","24"
"CBA_Options","SiegeLimit_ApplyAllThresholds","CBA_Options_SiegeLimit_ApplyAllThresholds","gameplay/cba_options.scar","912"
"CBA_Options","SiegeLimit_ApplyThreshold","CBA_Options_SiegeLimit_ApplyThreshold","gameplay/cba_options.scar","1627"
"CBA_Options","SiegeLimit_BuildItemComplete","CBA_Options_SiegeLimit_BuildItemComplete","cba.scar","1409"
"CBA_Options","SiegeLimit_Cancel_1","CBA_Options_SiegeLimit_Cancel_1","gameplay/cba_options.scar","736"
"CBA_Options","SiegeLimit_Cancel_2","CBA_Options_SiegeLimit_Cancel_2","gameplay/cba_options.scar","756"
"CBA_Options","SiegeLimit_Cancel_3","CBA_Options_SiegeLimit_Cancel_3","gameplay/cba_options.scar","776"
"CBA_Options","SiegeLimit_Cancel_filter","CBA_Options_SiegeLimit_Cancel_filter","cba.scar","1364"
"CBA_Options","SiegeLimit_ConstructionCancelled","CBA_Options_SiegeLimit_ConstructionCancelled","gameplay/cba_options.scar","1140"
"CBA_Options","SiegeLimit_ConstructionComplete","CBA_Options_SiegeLimit_ConstructionComplete","gameplay/cba_options.scar","1200"
"CBA_Options","SiegeLimit_ConstructionStart","CBA_Options_SiegeLimit_ConstructionStart","gameplay/cba_options.scar","931"
"CBA_Options","SiegeLimit_Disable","CBA_Options_SiegeLimit_Disable","cba.scar","1177"
"CBA_Options","SiegeLimit_EnforceSpawnCap","CBA_Options_SiegeLimit_EnforceSpawnCap","gameplay/cba_options.scar","2371"
"CBA_Options","SiegeLimit_EntityKilled","CBA_Options_SiegeLimit_EntityKilled","gameplay/cba_options.scar","1260"
"CBA_Options","SiegeLimit_GetGateTotals","CBA_Options_SiegeLimit_GetGateTotals","gameplay/cba_options.scar","3064"
"CBA_Options","SiegeLimit_GetQueuedPoints","CBA_Options_SiegeLimit_GetQueuedPoints","gameplay/cba_options.scar","3022"
"CBA_Options","SiegeLimit_Reconcile","CBA_Options_SiegeLimit_Reconcile","gameplay/cba_options.scar","1971"
"CBA_Options","SiegeLimit_Recount","CBA_Options_SiegeLimit_Recount","gameplay/cba_options.scar","1530"
"CBA_Options","SiegeLimit_RecountAll","CBA_Options_SiegeLimit_RecountAll","gameplay/cba_options.scar","1349"
"CBA_Options","SiegeLimit_RollbackExcessScaffolds","CBA_Options_SiegeLimit_RollbackExcessScaffolds","gameplay/cba_options.scar","2419"
"CBA_Options","SiegeLimit_RunDeferredRecheck","CBA_Options_SiegeLimit_RunDeferredRecheck","gameplay/cba_options.scar","1068"
"CBA_Options","SiegeLimit_ScheduleDeferredRecheck","CBA_Options_SiegeLimit_ScheduleDeferredRecheck","gameplay/cba_options.scar","1055"
"CBA_Options","SiegeLimit_SquadKilled","CBA_Options_SiegeLimit_SquadKilled","cba.scar","1529"
"CBA_Options","SiegeLimit_TrimQueue","CBA_Options_SiegeLimit_TrimQueue","gameplay/cba_options.scar","3035"
"CBA_Options","SiegeTowerLimit_ApplyThreshold","CBA_Options_SiegeTowerLimit_ApplyThreshold","gameplay/cba_options.scar","2236"
"CBA_Options","SiegeTowerLimit_Disable","CBA_Options_SiegeTowerLimit_Disable","gameplay/cba_options.scar","2178"
"CBA_Options","SiegeTowerLimit_GetQueuedCount","CBA_Options_SiegeTowerLimit_GetQueuedCount","gameplay/cba_options.scar","2955"
"CBA_Options","SiegeTowerLimit_Recount","CBA_Options_SiegeTowerLimit_Recount","gameplay/cba_options.scar","2838"
"CBA_Options","SiegeTowerLimit_TrimQueue","CBA_Options_SiegeTowerLimit_TrimQueue","gameplay/cba_options.scar","2997"
"CBA_Options","UpdateModuleSettings","CBA_Options_UpdateModuleSettings","gameplay/cba_options.scar","45"
"CBA_Options","ValidateEnforcement","CBA_Options_ValidateEnforcement","gameplay/cba_options.scar","2280"
"CBA_Options","VillagerSpawner","CBA_Options_VillagerSpawner","gameplay/cba_options.scar","831"
"CBA_Options","WorkshopLimit_ApplyThreshold","CBA_Options_WorkshopLimit_ApplyThreshold","gameplay/cba_options.scar","203"
"Mod","ConfigureKeepAsCapitalAgeProducer","Mod_ConfigureKeepAsCapitalAgeProducer","cba.scar","816"
"Mod","EliminatePlayerUnits","Mod_EliminatePlayerUnits","cba.scar","3536"
"Mod","EnsureKeepAsCapital","Mod_EnsureKeepAsCapital","cba.scar","969"
"Mod","FindBestAlly","Mod_FindBestAlly","cba.scar","2917"
"Mod","FindKeep","Mod_FindKeep","cba.scar","773"
"Mod","LoserPresentation","Mod_LoserPresentation","cba.scar","1139"
"Mod","OnEntityKilled","Mod_OnEntityKilled","cba.scar","636"
"Mod","OnGameOver","Mod_OnGameOver","cba.scar","560"
"Mod","OnGameSetup","Mod_OnGameSetup","cba.scar","323"
"Mod","OnGameSetup","Mod_OnGameSetup","onslaught.scar","114"
"Mod","OnInit","Mod_OnInit","onslaught.scar","137"
"Mod","OnInit","Mod_OnInit","cba.scar","375"
"Mod","PostInit","Mod_PostInit","onslaught.scar","174"
"Mod","PostInit","Mod_PostInit","cba.scar","408"
"Mod","PreInit","Mod_PreInit","onslaught.scar","129"
"Mod","PreInit","Mod_PreInit","cba.scar","367"
"Mod","Preset","Mod_Preset","cba.scar","414"
"Mod","Preset","Mod_Preset","onslaught.scar","180"
"Mod","PreStart","Mod_PreStart","cba.scar","422"
"Mod","PreStart","Mod_PreStart","onslaught.scar","188"
"Mod","RemoveGaia","Mod_RemoveGaia","cba.scar","683"
"Mod","SetFOW","Mod_SetFOW","cba.scar","721"
"Mod","setStartingResources","Mod_setStartingResources","cba.scar","695"
"Mod","SetupObjective","Mod_SetupObjective","cba.scar","732"
"Mod","Start","Mod_Start","onslaught.scar","194"
"Mod","Start","Mod_Start","cba.scar","428"
"Mod","WinnerPresentation","Mod_WinnerPresentation","cba.scar","1107"
"Nomad","DestroySpawns","Nomad_DestroySpawns","startconditions/nomad_start.scar","113"
"Nomad","intMax","Nomad_intMax","startconditions/nomad_start.scar","182"
"Nomad","OnConstructionComplete","Nomad_OnConstructionComplete","startconditions/nomad_start.scar","79"
"Nomad","OnGameSetup","Nomad_OnGameSetup","startconditions/nomad_start.scar","19"
"Nomad","PresetFinalize","Nomad_PresetFinalize","startconditions/nomad_start.scar","45"
"Nomad","SetupSpawns","Nomad_SetupSpawns","startconditions/nomad_start.scar","130"
"Nomad","Start","Nomad_Start","startconditions/nomad_start.scar","61"
"Nomad","UnlockVillagers","Nomad_UnlockVillagers","startconditions/nomad_start.scar","72"
"Nomad","UpdateModuleSettings","Nomad_UpdateModuleSettings","startconditions/nomad_start.scar","40"
"ObserverUI","GameStateTracking_Tribute_OnTributeSent","ObserverUI_GameStateTracking_Tribute_OnTributeSent","observerui/gamestatetracking/ontributesent.scar","10"
"ObserverUI","OnInit","ObserverUI_OnInit","observerui/observerui.scar","47"
"ObserverUI_GameStateTracking_Tribute","OnTributeSent","ObserverUI_GameStateTracking_Tribute_OnTributeSent","observerui/gamestatetracking/ontributesent.scar","10"
"PlayerUI","AdaptIconPathForXaml","PlayerUI_AdaptIconPathForXaml","playerui/playerui_updateui.scar","443"
"PlayerUI","Animate_ApplyDisplayValues","PlayerUI_Animate_ApplyDisplayValues","playerui/playerui_animate.scar","1023"
"PlayerUI","Animate_ApplyEliminationTransitionFinalVisual","PlayerUI_Animate_ApplyEliminationTransitionFinalVisual","playerui/playerui_animate.scar","1563"
"PlayerUI","Animate_ClearEliminationAnim","PlayerUI_Animate_ClearEliminationAnim","playerui/playerui_animate.scar","1672"
"PlayerUI","Animate_ClearEliminationGlow","PlayerUI_Animate_ClearEliminationGlow","playerui/playerui_animate.scar","1839"
"PlayerUI","Animate_ClearEliminationReveal","PlayerUI_Animate_ClearEliminationReveal","playerui/playerui_animate.scar","1757"
"PlayerUI","Animate_Debug_PrintEliminationDiag","PlayerUI_Animate_Debug_PrintEliminationDiag","playerui/playerui_animate.scar","252"
"PlayerUI","Animate_Debug_ResetEliminationDiag","PlayerUI_Animate_Debug_ResetEliminationDiag","playerui/playerui_animate.scar","240"
"PlayerUI","Animate_Debug_RetriggerElimFade","PlayerUI_Animate_Debug_RetriggerElimFade","playerui/playerui_animate.scar","271"
"PlayerUI","Animate_EliminationGlow","PlayerUI_Animate_EliminationGlow","playerui/playerui_animate.scar","1780"
"PlayerUI","Animate_EliminationReveal","PlayerUI_Animate_EliminationReveal","playerui/playerui_animate.scar","1697"
"PlayerUI","Animate_EliminationTransition","PlayerUI_Animate_EliminationTransition","playerui/playerui_animate.scar","1582"
"PlayerUI","Animate_GetDecay","PlayerUI_Animate_GetDecay","playerui/playerui_animate.scar","710"
"PlayerUI","Animate_GetDisplay","PlayerUI_Animate_GetDisplay","playerui/playerui_animate.scar","377"
"PlayerUI","Animate_GetEliminationGlowState","PlayerUI_Animate_GetEliminationGlowState","playerui/playerui_animate.scar","1809"
"PlayerUI","Animate_GetEliminationLastProgress","PlayerUI_Animate_GetEliminationLastProgress","playerui/playerui_animate.scar","263"
"PlayerUI","Animate_GetEliminationRevealState","PlayerUI_Animate_GetEliminationRevealState","playerui/playerui_animate.scar","1727"
"PlayerUI","Animate_GetEliminationState","PlayerUI_Animate_GetEliminationState","playerui/playerui_animate.scar","1625"
"PlayerUI","Animate_GetPosition","PlayerUI_Animate_GetPosition","playerui/playerui_animate.scar","673"
"PlayerUI","Animate_HasArrived","PlayerUI_Animate_HasArrived","playerui/playerui_animate.scar","682"
"PlayerUI","Animate_Init","PlayerUI_Animate_Init","playerui/playerui_animate.scar","319"
"PlayerUI","Animate_IsEliminationGlowActive","PlayerUI_Animate_IsEliminationGlowActive","playerui/playerui_animate.scar","1768"
"PlayerUI","Animate_IsEliminationRevealActive","PlayerUI_Animate_IsEliminationRevealActive","playerui/playerui_animate.scar","1683"
"PlayerUI","Animate_IsEliminationTransitionActive","PlayerUI_Animate_IsEliminationTransitionActive","playerui/playerui_animate.scar","1550"
"PlayerUI","Animate_IsTransitioning","PlayerUI_Animate_IsTransitioning","playerui/playerui_animate.scar","692"
"PlayerUI","Animate_Reset","PlayerUI_Animate_Reset","playerui/playerui_animate.scar","1847"
"PlayerUI","Animate_SetPosition","PlayerUI_Animate_SetPosition","playerui/playerui_animate.scar","646"
"PlayerUI","Animate_SetPositionTarget","PlayerUI_Animate_SetPositionTarget","playerui/playerui_animate.scar","657"
"PlayerUI","Animate_SetTarget","PlayerUI_Animate_SetTarget","playerui/playerui_animate.scar","339"
"PlayerUI","Animate_TriggerDecay","PlayerUI_Animate_TriggerDecay","playerui/playerui_animate.scar","699"
"PlayerUI","Animate_TriggerScorePulse","PlayerUI_Animate_TriggerScorePulse","playerui/playerui_animate.scar","719"
"PlayerUI","ApplyDataContext","PlayerUI_ApplyDataContext","playerui/playerui_updateui.scar","981"
"PlayerUI","BuildPlaybackMilestone","PlayerUI_BuildPlaybackMilestone","playerui/playerui_updateui.scar","1529"
"PlayerUI","BuildRewardPreview","PlayerUI_BuildRewardPreview","playerui/playerui_updateui.scar","1399"
"PlayerUI","BuildUnitsUiTable","PlayerUI_BuildUnitsUiTable","playerui/playerui_updateui.scar","1145"
"PlayerUI","CompareUnitCount","PlayerUI_CompareUnitCount","playerui/playerui_updateui.scar","1179"
"PlayerUI","Debug_AuditPredictionVisibility","PlayerUI_Debug_AuditPredictionVisibility","playerui/playerui_ranking.scar","1326"
"PlayerUI","Debug_DemoPredictionStates","PlayerUI_Debug_DemoPredictionStates","playerui/playerui_ranking.scar","1566"
"PlayerUI","Debug_FeatureStatus","PlayerUI_Debug_FeatureStatus","debug/cba_debug_playerui_anim.scar","141"
"PlayerUI","Debug_ForcePredictionCase","PlayerUI_Debug_ForcePredictionCase","playerui/playerui_ranking.scar","1430"
"PlayerUI","Debug_ForcePredictionState","PlayerUI_Debug_ForcePredictionState","playerui/playerui_ranking.scar","1171"
"PlayerUI","Debug_ForceWaitAudit","PlayerUI_Debug_ForceWaitAudit","playerui/playerui_ranking.scar","1788"
"PlayerUI","Debug_PredictionDiagnostics","PlayerUI_Debug_PredictionDiagnostics","playerui/playerui_ranking.scar","1839"
"PlayerUI","Debug_PredictionSnapshot","PlayerUI_Debug_PredictionSnapshot","playerui/playerui_ranking.scar","1677"
"PlayerUI","Debug_PrintEliminationSnapshot","PlayerUI_Debug_PrintEliminationSnapshot","playerui/playerui_updateui.scar","214"
"PlayerUI","Debug_PrintFullSnapshot","PlayerUI_Debug_PrintFullSnapshot","playerui/playerui_updateui.scar","267"
"PlayerUI","Debug_SystemStatus","PlayerUI_Debug_SystemStatus","playerui/playerui_ranking.scar","1989"
"PlayerUI","Debug_TestContestedCollapse","PlayerUI_Debug_TestContestedCollapse","playerui/playerui_ranking.scar","2200"
"PlayerUI","Debug_TestSettingsMatrix","PlayerUI_Debug_TestSettingsMatrix","playerui/playerui_ranking.scar","2307"
"PlayerUI","Debug_TestStability","PlayerUI_Debug_TestStability","playerui/playerui_ranking.scar","2092"
"PlayerUI","Debug_TogglePresetFull","PlayerUI_Debug_TogglePresetFull","debug/cba_debug_playerui_anim.scar","145"
"PlayerUI","Debug_ToggleProbe","PlayerUI_Debug_ToggleProbe","playerui/playerui_updateui.scar","1865"
"PlayerUI","DismissErrors","PlayerUI_DismissErrors","playerui/playerui_updateui.scar","1068"
"PlayerUI","GetElapsedTimeDisplay","PlayerUI_GetElapsedTimeDisplay","playerui/playerui_updateui.scar","873"
"PlayerUI","GetIconNameFromSquadBlueprint","PlayerUI_GetIconNameFromSquadBlueprint","playerui/playerui_updateui.scar","1076"
"PlayerUI","GetIconNameFromUpgradeBlueprint","PlayerUI_GetIconNameFromUpgradeBlueprint","playerui/playerui_updateui.scar","1080"
"PlayerUI","GetLimitColors","PlayerUI_GetLimitColors","playerui/playerui_updateui.scar","1223"
"PlayerUI","GetMaxPopulationDisplay","PlayerUI_GetMaxPopulationDisplay","playerui/playerui_updateui.scar","1011"
"PlayerUI","GetNextRewardIcon","PlayerUI_GetNextRewardIcon","playerui/playerui_updateui.scar","1388"
"PlayerUI","GetNextRewardTitle","PlayerUI_GetNextRewardTitle","playerui/playerui_updateui.scar","1359"
"PlayerUI","GetNormalizedRewardTitle","PlayerUI_GetNormalizedRewardTitle","playerui/playerui_updateui.scar","1314"
"PlayerUI","GetPopulationVsMaximumPopulation","PlayerUI_GetPopulationVsMaximumPopulation","playerui/playerui_updateui.scar","1001"
"PlayerUI","GetQueuedStuff","PlayerUI_GetQueuedStuff","playerui/playerui_updateui.scar","1112"
"PlayerUI","GetRewardProgressBounds","PlayerUI_GetRewardProgressBounds","playerui/playerui_updateui.scar","1468"
"PlayerUI","GetUnits","PlayerUI_GetUnits","playerui/playerui_updateui.scar","1092"
"PlayerUI","HashSetToArray","PlayerUI_HashSetToArray","playerui/playerui_updateui.scar","1137"
"PlayerUI","HasMilitaryIcon","PlayerUI_HasMilitaryIcon","playerui/playerui_updateui.scar","1084"
"PlayerUI","InitializeDataContext","PlayerUI_InitializeDataContext","playerui/playerui_updateui.scar","510"
"PlayerUI","OnInit","PlayerUI_OnInit","playerui/playerui.scar","56"
"PlayerUI","PresetFinalize","PlayerUI_PresetFinalize","playerui/playerui.scar","190"
"PlayerUI","Ranking_ApplyAnimatedFields","PlayerUI_Ranking_ApplyAnimatedFields","playerui/playerui_ranking.scar","933"
"PlayerUI","Ranking_DebugForceSwap","PlayerUI_Ranking_DebugForceSwap","playerui/playerui_ranking.scar","1117"
"PlayerUI","Ranking_DebugPrintState","PlayerUI_Ranking_DebugPrintState","playerui/playerui_ranking.scar","1597"
"PlayerUI","Ranking_DebugSetScore","PlayerUI_Ranking_DebugSetScore","playerui/playerui_ranking.scar","1648"
"PlayerUI","Ranking_DebugTestPredictions","PlayerUI_Ranking_DebugTestPredictions","playerui/playerui_ranking.scar","1871"
"PlayerUI","Ranking_Init","PlayerUI_Ranking_Init","playerui/playerui_ranking.scar","96"
"PlayerUI","Ranking_Reset","PlayerUI_Ranking_Reset","playerui/playerui_ranking.scar","1104"
"PlayerUI","Ranking_Update","PlayerUI_Ranking_Update","playerui/playerui_ranking.scar","169"
"PlayerUI","ReconstructCrossedThresholds","PlayerUI_ReconstructCrossedThresholds","playerui/playerui_updateui.scar","1507"
"PlayerUI","ResetEliminationPresentationState","PlayerUI_ResetEliminationPresentationState","playerui/playerui_updateui.scar","18"
"PlayerUI","RewardPlayback_AdvanceQueue","PlayerUI_RewardPlayback_AdvanceQueue","playerui/playerui_updateui.scar","1733"
"PlayerUI","SetObjectivesVisible","PlayerUI_SetObjectivesVisible","playerui/playerui_updateui.scar","1789"
"PlayerUI","SplitByIsMilitary","PlayerUI_SplitByIsMilitary","playerui/playerui_updateui.scar","1166"
"PlayerUI","SwapResourceWithIncomePerMinute","PlayerUI_SwapResourceWithIncomePerMinute","playerui/playerui_updateui.scar","1971"
"PlayerUI","Toggle","PlayerUI_Toggle","playerui/playerui_updateui.scar","1900"
"PlayerUI","Toggle_TrySetObjectivesVisible","PlayerUI_Toggle_TrySetObjectivesVisible","playerui/playerui_updateui.scar","1849"
"PlayerUI","Toggle_TrySetProperty","PlayerUI_Toggle_TrySetProperty","playerui/playerui_updateui.scar","1840"
"PlayerUI","ToggleTrace","PlayerUI_ToggleTrace","playerui/playerui_updateui.scar","1858"
"PlayerUI","TrySetObjectiveVisible","PlayerUI_TrySetObjectiveVisible","playerui/playerui_updateui.scar","1778"
"PlayerUI","UpdateCivSpecifics","PlayerUI_UpdateCivSpecifics","playerui/playerui_updateui.scar","1057"
"PlayerUI","UpdateDataContext","PlayerUI_UpdateDataContext","playerui/playerui_updateui.scar","629"
"PlayerUI","UpdateEliminationPresentationForIndex","PlayerUI_UpdateEliminationPresentationForIndex","playerui/playerui_updateui.scar","351"
"PlayerUI","UpdateIsUpping","PlayerUI_UpdateIsUpping","playerui/playerui_updateui.scar","1048"
"PlayerUI","UpdateLimits","PlayerUI_UpdateLimits","playerui/playerui_updateui.scar","1237"
"PlayerUI","UpdatePopulationComposition","PlayerUI_UpdatePopulationComposition","playerui/playerui_updateui.scar","1020"
"PlayerUI","UpdateRelics","PlayerUI_UpdateRelics","playerui/playerui_updateui.scar","1040"
"PlayerUI","UpdateResources","PlayerUI_UpdateResources","playerui/playerui_updateui.scar","950"
"PlayerUI","UpdateRewardProgress","PlayerUI_UpdateRewardProgress","playerui/playerui_updateui.scar","1587"
"PlayerUI","UpdateTeamSummaries","PlayerUI_UpdateTeamSummaries","playerui/playerui_updateui.scar","892"
"PlayerUI","UpdateUnitsAndQueuedStuff","PlayerUI_UpdateUnitsAndQueuedStuff","playerui/playerui_updateui.scar","1186"
"Wonder","AddObjective1","Wonder_AddObjective1","wonder.scar","744"
"Wonder","AddObjective2","Wonder_AddObjective2","wonder.scar","767"
"Wonder","CheckVictory","Wonder_CheckVictory","wonder.scar","702"
"Wonder","CreateEventCue","Wonder_CreateEventCue","wonder.scar","838"
"Wonder","DiplomacyEnabled","Wonder_DiplomacyEnabled","wonder.scar","96"
"Wonder","LoserPresentation","Wonder_LoserPresentation","wonder.scar","892"
"Wonder","OnConstructionComplete","Wonder_OnConstructionComplete","wonder.scar","254"
"Wonder","OnConstructionStart","Wonder_OnConstructionStart","wonder.scar","200"
"Wonder","OnDamageReceived","Wonder_OnDamageReceived","wonder.scar","449"
"Wonder","OnEntityKilled","Wonder_OnEntityKilled","wonder.scar","275"
"Wonder","OnGameOver","Wonder_OnGameOver","wonder.scar","179"
"Wonder","OnInit","Wonder_OnInit","wonder.scar","102"
"Wonder","OnLocalPlayerChanged","Wonder_OnLocalPlayerChanged","wonder.scar","520"
"Wonder","OnPlayerDefeated","Wonder_OnPlayerDefeated","wonder.scar","166"
"Wonder","RemoveObjective2","Wonder_RemoveObjective2","wonder.scar","796"
"Wonder","RemoveObjectives","Wonder_RemoveObjectives","wonder.scar","826"
"Wonder","Start","Wonder_Start","wonder.scar","122"
"Wonder","Update","Wonder_Update","wonder.scar","531"
"Wonder","UpdatePlayerStats","Wonder_UpdatePlayerStats","wonder.scar","148"
"Wonder","UpdatePlayerStats","Wonder_UpdatePlayerStats","specials/ags_utilities.scar","114"
"Wonder","WinnerPresentation","Wonder_WinnerPresentation","wonder.scar","856"
