"Subsystem","File","Variable","Line","Value"
"root","ags_global_settings.scar","AGS_GS_TEAM_VICTORY_FFA","19","0"
"root","ags_global_settings.scar","AGS_GS_TEAM_VICTORY_STANDARD","20","1"
"root","ags_global_settings.scar","AGS_GS_TEAM_VICTORY_DYNAMIC","21","2"
"root","ags_global_settings.scar","AGS_GS_SETTLEMENT_SCATTERED","23","0"
"root","ags_global_settings.scar","AGS_GS_SETTLEMENT_NOMADIC","24","1"
"root","ags_global_settings.scar","AGS_GS_SETTLEMENT_SETTLED","25","2"
"root","ags_global_settings.scar","AGS_GS_SETTLEMENT_FORTIFIED","26","3"
"root","ags_global_settings.scar","AGS_GS_SETTLEMENT_PILGRIMS","27","4"
"root","ags_global_settings.scar","AGS_GS_TEAM_BALANCE_NONE","29","0"
"root","ags_global_settings.scar","AGS_GS_TEAM_BALANCE_POPULATION","30","1"
"root","ags_global_settings.scar","AGS_GS_TEAM_BALANCE_RESOURCES","31","2"
"root","ags_global_settings.scar","AGS_GS_TEAM_BALANCE_FULL","32","3"
"root","ags_global_settings.scar","AGS_TEAM_BALANCE_MAX_POP","34","400"
"root","ags_global_settings.scar","AGS_GS_WONDER_SCALE_COST_DISABLED","36","-1"
"root","ags_global_settings.scar","AGS_GS_TEAM_VISION_NONE","38","0"
"root","ags_global_settings.scar","AGS_GS_TEAM_VISION_REQUIRES_MARKET","39","1"
"root","ags_global_settings.scar","AGS_GS_TEAM_VISION_ALWAYS","40","2"
"root","ags_global_settings.scar","AGS_GS_MAP_VISION_CONCEALED","42","0"
"root","ags_global_settings.scar","AGS_GS_MAP_VISION_EXPLORED","43","1"
"root","ags_global_settings.scar","AGS_GS_MAP_VISION_REVEALED","44","2"
"root","ags_global_settings.scar","AGS_GS_AGE_NONE","46","0"
"root","ags_global_settings.scar","AGS_GS_AGE_DARK","47","1"
"root","ags_global_settings.scar","AGS_GS_AGE_FEUDAL","48","2"
"root","ags_global_settings.scar","AGS_GS_AGE_CASTLE","49","3"
"root","ags_global_settings.scar","AGS_GS_AGE_IMPERIAL","50","4"
"root","ags_global_settings.scar","AGS_GS_AGE_LATE_IMPERIAL","51","5"
"root","ags_global_settings.scar","AGS_GS_RESOURCES_NONE","53","0"
"root","ags_global_settings.scar","AGS_GS_RESOURCES_LOW","54","1"
"root","ags_global_settings.scar","AGS_GS_RESOURCES_NORMAL","55","2"
"root","ags_global_settings.scar","AGS_GS_RESOURCES_MEDIUM","56","3"
"root","ags_global_settings.scar","AGS_GS_RESOURCES_HIGH","57","4"
"root","ags_global_settings.scar","AGS_GS_RESOURCES_VERY_HIGH","58","5"
"root","ags_global_settings.scar","AGS_GS_RESOURCES_MAXIMUM","59","6"
"root","ags_global_settings.scar","AGS_GS_TC_RESTRICTIONS_NONE","61","0"
"root","ags_global_settings.scar","AGS_GS_TC_RESTRICTIONS_NORMAL","62","1"
"root","ags_global_settings.scar","AGS_GS_TC_RESTRICTIONS_LANDMARKS","63","2"
"root","ags_global_settings.scar","AGS_GS_HANDICAP_TYPE_DISABLED","65","0"
"root","ags_global_settings.scar","AGS_GS_HANDICAP_TYPE_ECONOMIC","66","1"
"root","ags_global_settings.scar","AGS_GS_HANDICAP_TYPE_MILITARY","67","2"
"root","ags_global_settings.scar","AGS_GS_HANDICAP_TYPE_BOTH","68","3"
"root","ags_global_settings.scar","AGS_GS_COLOR_BLUE","70","1 -- Azure Blue"
"root","ags_global_settings.scar","AGS_GS_COLOR_RED","71","2 -- Red Orange"
"root","ags_global_settings.scar","AGS_GS_COLOR_YELLOW","72","3 -- Citrine Yellow"
"root","ags_global_settings.scar","AGS_GS_COLOR_GREEN","73","4 -- Vibrant Green"
"root","ags_global_settings.scar","AGS_GS_COLOR_TURQUOISE","74","5 -- Bright Turquoise"
"root","ags_global_settings.scar","AGS_GS_COLOR_PURPLE","75","6 -- Purple Mimosa"
"root","ags_global_settings.scar","AGS_GS_COLOR_ORANGE","76","7 -- Blaze Orange"
"root","ags_global_settings.scar","AGS_GS_COLOR_PINK","77","8 -- Hot Pink"
"root","ags_global_settings.scar","AGS_GS_COLOR_GREY","78","9 -- Monsoon/Natural Grey"
"root","ags_global_settings.scar","AGS_CBA_FIXED_MAX_PRODUCTION_BUILDINGS","80","15"
"root","ags_global_settings.scar","AGS_CBA_FIXED_MAX_SIEGE_WORKSHOP","81","2"
"root","ags_global_settings.scar","AGS_GS_LOCAL_PLAYER","86","nil"
"root","ags_global_settings.scar","AGS_GLOBAL_SETTINGS_BUILD","87","""3.3"""
"root","ags_global_settings.scar","AGS_GLOBAL_SETTINGS_MODULE","88","""AGS_GlobalSettings"""
"root","ags_global_settings.scar","AGS_GLOBAL_SETTINGS","89","{"
"root","cba_annihilation.scar","_annihilation","18","{"
"root","cba_religious.scar","_religious","19","{"
"root","cba.scar","_onslaught_gameover_queued","147","false"
"root","cba.scar","_onslaught_teardown_detected","150","false"
"root","cba.scar","_onslaught_core_gameover_executed","151","false"
"root","cba.scar","_onslaught_trace_seq","152","0"
"root","cba.scar","_onslaught_probe_last_bucket","153","-1"
"root","cba.scar","_onslaught_enable_heartbeat_probe","154","false"
"root","cba.scar","_mod","277","{"
"root","cba.scar","_PRECACHE_MANIFEST","1657","nil"
"root","cba.scar","_LEAVER_PRECACHE_ALWAYS_REQUIRED_BP","1661","{"
"root","cba.scar","_LEAVER_PRECACHE_TARGET_CIVS","1709","{"
"root","cba.scar","_LEAVER_PRECACHE_SELECTED_CIVS_BUILDINGS","1721","{"
"root","cba.scar","_LEAVER_LEGACY_PRECACHE_ENABLED","1743","false"
"root","cba.scar","_LEAVER_RESOURCE_TYPES","2115","{ RT_Food, RT_Wood, RT_Gold, RT_Stone }"
"root","cba.scar","_LEAVER_MILITARY_SUFFIX_OVERRIDE","2120","{"
"root","cba.scar","_LEAVER_DEBUG_BYPASS_GATES","2135","false"
"root","cba.scar","_LEAVER_DEBUG_BYPASS_CAPABILITY_GATES","2140","false"
"root","cba.scar","_LEAVER_DEBUG_VERBOSE","2146","true"
"root","cba.scar","_LEAVER_AUDIT_LOG","2150","{}"
"root","cba.scar","_LEAVER_AGE_REQUIREMENTS","2219","{"
"root","cba.scar","_LEAVER_CAPABILITY_REQUIREMENTS","2230","{"
"root","cba.scar","_LEAVER_SPAWNER_EXEMPT_PREFIXES","2238","{"
"root","cba.scar","_LEAVER_CAP_CACHE","2255","{}"
"root","cba.scar","_LEAVER_CIV_UNIQUE_FALLBACK","2351","{"
"root","cba.scar","_LEAVER_UNIT_ROLE_MAP","2482","{"
"root","cba.scar","_LEAVER_RECEIVER_CLASS_MAP","2511","{"
"root","cba.scar","_LEAVER_CANONICAL_ROLE","2704","{"
"root","cba.scar","_LEAVER_BATCH_BUILDINGS","3713","10"
"root","cba.scar","_LEAVER_BATCH_SQUADS","3714","20"
"root","cba.scar","_leaver_last_transfer_stats","3717","nil"
"root","cba.scar","_LEAVER_PERF_ANNIHILATION_CHECKS","4247","0"
"root","cba.scar","_LEAVER_RULES_PAUSED","4254","false"
"conditions","conditions/ags_annihilation.scar","AGS_ANNIHILATION_MODULE","14","""AGS_Annihilation"""
"conditions","conditions/ags_annihilation.scar","AGS_ANNIHILATION_OBJECTIVE","15","nil"
"conditions","conditions/ags_annihilation.scar","AGS_ANNIHILATION_ACTIVE","16","true"
"conditions","conditions/ags_annihilation.scar","AGS_ANNIHILATION_PLAYERS_WITH_MARKETS","17","{ }"
"conditions","conditions/ags_annihilation.scar","AGS_ANNIHILATION_PRODUCTIONS_MAP","19","{"
"conditions","conditions/ags_elimination.scar","AGS_ELIMINATION_MODULE","13","""AGS_Elimination"""
"conditions","conditions/ags_elimination.scar","AGS_ELIMINATION_OBJECTIVE","14","nil"
"conditions","conditions/ags_elimination.scar","AGS_ELIMINATION_ACTIVE","15","true"
"conditions","conditions/ags_surrender.scar","AGS_SURRENDER_MODULE","13","""AGS_Surrender"""
"conditions","conditions/ags_surrender.scar","AGS_SURRENDER_OBJECTIVE","14","nil"
"conditions","conditions/ags_surrender.scar","AGS_SURRENDER_ACTIVE","15","true"
"conditions","conditions/ags_wonder.scar","AGS_WONDER_MODULE","12","""AGS_Wonder"""
"conditions","conditions/ags_wonder.scar","AGS_WONDER_OBJECTIVE","13","nil"
"conditions","conditions/ags_wonder.scar","AGS_WONDER_ACTIVE","14","true"
"conditions","conditions/ags_wonder.scar","AGS_WONDER_FOW_REVEAL_RADIUS","15","12"
"conditions","conditions/ags_wonder.scar","AGS_WONDER_VICTORY_TIME","16","15 * 60"
"conditions","conditions/ags_wonder.scar","AGS_WONDER_CHECK_FREQUENCY","17","1.0"
"conditions","conditions/ags_wonder.scar","AGS_WONDER_RUSH","18","false"
"conditions","conditions/ags_wonder.scar","AGS_WONDER_WINNER","20","{"
"conditions","conditions/conditiondata/ags_annihilation_data.scar","AGS_OBJECTIVES_ANNIHILATION","10","{"
"conditions","conditions/conditiondata/ags_annihilation_data.scar","AGS_NOTIFICATIONS_ANNIHILATION","24","{"
"conditions","conditions/conditiondata/ags_conquest_data.scar","AGS_OBJECTIVES_CONQUEST","10","{"
"conditions","conditions/conditiondata/ags_conquest_data.scar","AGS_NOTIFICATIONS_CONQUEST","28","{"
"conditions","conditions/conditiondata/ags_conquest_data.scar","AGS_NOTIFICATIONS_CONQUEST_ATTACKED","34","{"
"conditions","conditions/conditiondata/ags_conquest_data.scar","AGS_NOTIFICATIONS_CONQUEST_DESTROYED","42","{"
"conditions","conditions/conditiondata/ags_culture_data.scar","AGS_OBJECTIVES_CULTURE_SECONDARY","10","{"
"conditions","conditions/conditiondata/ags_culture_data.scar","AGS_OBJECTIVES_CULTURE","19","{"
"conditions","conditions/conditiondata/ags_culture_data.scar","AGS_NOTIFICATIONS_CULTURE","33","{"
"conditions","conditions/conditiondata/ags_culture_data.scar","AGS_NOTIFICATIONS_CULTURE_APPROACH","39","{"
"conditions","conditions/conditiondata/ags_culture_data.scar","AGS_NOTIFICATIONS_CULTURE_CAPTURING","54","{"
"conditions","conditions/conditiondata/ags_culture_data.scar","AGS_NOTIFICATIONS_CULTURE_CAPTURED","69","{"
"conditions","conditions/conditiondata/ags_culture_data.scar","AGS_NOTIFICATIONS_CULTURE_CONTESTING","84","{"
"conditions","conditions/conditiondata/ags_culture_data.scar","AGS_NOTIFICATIONS_CULTURE_NEUTRALIZING","99","{"
"conditions","conditions/conditiondata/ags_culture_data.scar","AGS_NOTIFICATIONS_CULTURE_NEUTRALIZED","114","{"
"conditions","conditions/conditiondata/ags_elimination_data.scar","AGS_OBJECTIVES_ELIMINATION","10","{"
"conditions","conditions/conditiondata/ags_elimination_data.scar","AGS_NOTIFICATIONS_ELIMINATION","24","{"
"conditions","conditions/conditiondata/ags_regicide_data.scar","AGS_OBJECTIVES_REGICIDE","10","{"
"conditions","conditions/conditiondata/ags_regicide_data.scar","AGS_NOTIFICATIONS_REGICIDE","28","{"
"conditions","conditions/conditiondata/ags_regicide_data.scar","AGS_NOTIFICATIONS_REGICIDE_ATTACKED","34","{"
"conditions","conditions/conditiondata/ags_religious_data.scar","AGS_OBJECTIVES_RELIGIOUS_SECONDARY","10","{"
"conditions","conditions/conditiondata/ags_religious_data.scar","AGS_OBJECTIVES_RELIGIOUS","19","{"
"conditions","conditions/conditiondata/ags_religious_data.scar","AGS_NOTIFICATIONS_RELIGIOUS","38","{"
"conditions","conditions/conditiondata/ags_religious_data.scar","AGS_NOTIFICATIONS_RELIGIOUS_COUNTDOWN","44","{"
"conditions","conditions/conditiondata/ags_religious_data.scar","AGS_NOTIFICATIONS_RELIGIOUS_STARTED","55","{"
"conditions","conditions/conditiondata/ags_religious_data.scar","AGS_NOTIFICATIONS_RELIGIOUS_INTERRUPTED","61","{"
"conditions","conditions/conditiondata/ags_religious_data.scar","AGS_NOTIFICATIONS_RELIGIOUS_APPROACH","67","{"
"conditions","conditions/conditiondata/ags_religious_data.scar","AGS_NOTIFICATIONS_RELIGIOUS_CAPTURING","82","{"
"conditions","conditions/conditiondata/ags_religious_data.scar","AGS_NOTIFICATIONS_RELIGIOUS_CAPTURED","97","{"
"conditions","conditions/conditiondata/ags_religious_data.scar","AGS_NOTIFICATIONS_RELIGIOUS_CONTESTING","112","{"
"conditions","conditions/conditiondata/ags_religious_data.scar","AGS_NOTIFICATIONS_RELIGIOUS_NEUTRALIZING","127","{"
"conditions","conditions/conditiondata/ags_religious_data.scar","AGS_NOTIFICATIONS_RELIGIOUS_NEUTRALIZED","142","{"
"conditions","conditions/conditiondata/ags_score_data.scar","AGS_OBJECTIVES_SCORE","10","{"
"conditions","conditions/conditiondata/ags_score_data.scar","AGS_NOTIFICATIONS_SCORE","30","{"
"conditions","conditions/conditiondata/ags_score_data.scar","AGS_NOTIFICATIONS_SCORE_COUNTDOWN","36","{"
"conditions","conditions/conditiondata/ags_surrender_data.scar","AGS_OBJECTIVES_SURRENDER","10","{"
"conditions","conditions/conditiondata/ags_surrender_data.scar","AGS_NOTIFICATIONS_SURRENDER","24","{"
"conditions","conditions/conditiondata/ags_team_solidarity_data.scar","AGS_OBJECTIVES_TEAMSOLIDARITY","10","{"
"conditions","conditions/conditiondata/ags_team_solidarity_data.scar","AGS_NOTIFICATIONS_TEAM_SOLIDARITY","28","{"
"conditions","conditions/conditiondata/ags_treaty_data.scar","AGS_OBJECTIVES_TREATY","10","{"
"conditions","conditions/conditiondata/ags_treaty_data.scar","AGS_NOTIFICATIONS_TREATY_COUNTDOWN","30","{"
"conditions","conditions/conditiondata/ags_wonder_data.scar","AGS_OBJECTIVES_WONDER_SELF","10","{"
"conditions","conditions/conditiondata/ags_wonder_data.scar","AGS_OBJECTIVES_WONDER_ALLY","18","{"
"conditions","conditions/conditiondata/ags_wonder_data.scar","AGS_OBJECTIVES_WONDER_ENEMY","26","{"
"conditions","conditions/conditiondata/ags_wonder_data.scar","AGS_OBJECTIVES_WONDER","34","{"
"conditions","conditions/conditiondata/ags_wonder_data.scar","AGS_NOTIFICATIONS_WONDER","50","{"
"conditions","conditions/conditiondata/ags_wonder_data.scar","AGS_NOTIFICATIONS_WONDER_ATTACKED","56","{"
"conditions","conditions/conditiondata/ags_wonder_data.scar","AGS_NOTIFICATIONS_WONDER_CONSTRUCTION","64","{"
"conditions","conditions/conditiondata/ags_wonder_data.scar","AGS_NOTIFICATIONS_WONDER_DESTROYED","78","{"
"conditions","conditions/conditiondata/ags_wonder_data.scar","AGS_NOTIFICATIONS_WONDER_COUNTDOWN","105","{"
"debug","debug/cba_debug_autopop.scar","_AUTOPOP_DEBUG_VERBOSE","9","false"
"debug","debug/cba_debug_autopop.scar","_AUTOPOP_TEST_RESULTS","10","{}  -- [playerIndex] = { civ, tracked, effective, delta, status }"
"debug","debug/cba_debug_blueprint_audit.scar","_ENUMERATE_UNIT_STEMS","293","{"
"debug","debug/cba_debug_civ_overview.scar","_CBA_DEBUG_CIV_OVERVIEW","13","nil"
"debug","debug/cba_debug_core.scar","CBA_DEBUG_MODULE","17","""CBA_Debug"""
"debug","debug/cba_debug_core.scar","_cba_debug","19","{"
"debug","debug/cba_debug_core.scar","debug","643","{"
"debug","debug/cba_debug_coverage.scar","_cba_coverage","12","{"
"debug","debug/cba_debug_helpers.scar","_Debug_PlayerUI_PhaseBSuiteState","1271","nil"
"debug","debug/cba_debug_leaver.scar","_LEAVER_DEBUG_FULL_PENDING","31","nil"
"debug","debug/cba_debug_leaver.scar","_LEAVER_DEBUG_FULL_RUN_COUNTER","32","0"
"debug","debug/cba_debug_leaver.scar","_LEAVER_DEBUG_MIL_COVERAGE_RUN_COUNTER","33","0"
"debug","debug/cba_debug_leaver.scar","_LEAVER_MIL_TEST_PENDING","34","nil"
"debug","debug/cba_debug_leaver.scar","_LEAVER_DEBUG_MILTEST_RUN_COUNTER","35","0"
"debug","debug/cba_debug_leaver.scar","_LEAVER_MIL_TEST_CLASS_PROOF_STREAK","36","0"
"debug","debug/cba_debug_leaver.scar","_LEAVER_MIL_ONESHOT_PENDING","37","nil"
"debug","debug/cba_debug_leaver.scar","_LEAVER_MIL_ONESHOT_RUN_COUNTER","38","0"
"debug","debug/cba_debug_leaver.scar","_VISUAL_TEST_BUILDINGS_MILITARY","1417","{ ""barracks"", ""archery_range"", ""stable"", ""siege_workshop"" }"
"debug","debug/cba_debug_leaver.scar","_VISUAL_TEST_BUILDINGS_ECONOMY","1418","{ ""house"", ""market"", ""blacksmith"", ""scar_dock"" }"
"debug","debug/cba_debug_leaver.scar","_VISUAL_TEST_BUILDINGS_ADVANCED","1419","{ ""monastery"", ""castle"" }"
"debug","debug/cba_debug_leaver.scar","_VISUAL_TEST_BUILDINGS_WALLS","1420","{ ""stone_wall"", ""palisade_wall"", ""palisade_gate"" }"
"debug","debug/cba_debug_leaver.scar","_VISUAL_TEST_BUILDINGS_LANDMARKS","1421","{ ""town_center"" }"
"debug","debug/cba_debug_leaver.scar","_VISUAL_TEST_CLEANUP_EIDS","1429","{}"
"debug","debug/cba_debug_leaver.scar","_VISUAL_TEST_CLEANUP_SQS","1430","{}"
"debug","debug/cba_debug_leaver.scar","_VISUAL_TEST_DEFERRED_CLEANUP","1431","nil"
"debug","debug/cba_debug_leaver.scar","_VISUAL_TEST_CLEANUP_TRACE","1432","true"
"debug","debug/cba_debug_leaver.scar","_VISUAL_TEST_UNITS","1437","{"
"debug","debug/cba_debug_leaver.scar","_VISUAL_TEST_STATE","1480","nil"
"debug","debug/cba_debug_leaver.scar","_VISUAL_TEST_CIV_OVERRIDE","1481","nil"
"debug","debug/cba_debug_leaver.scar","_MIL_COVERAGE_PATTERNS","2556","{"
"debug","debug/cba_debug_leaver.scar","_LEAVER_DEBUG_FULLSYS_PENDING","3042","nil"
"debug","debug/cba_debug_leaver.scar","_LEAVER_PERF_CASCADE","3527","nil"
"debug","debug/cba_debug_playerui_anim.scar","_cba_debug_anim_monitor","48","{"
"debug","debug/cba_debug_playerui_anim.scar","_cba_debug_reward_capture","56","{"
"debug","debug/cba_debug_playerui_anim.scar","_cba_debug_anim_staged","196","{"
"debug","debug/cba_debug_playerui_anim.scar","_cba_debug_elim_validate","209","{"
"debug","debug/cba_debug_rules.scar","RULE_HARD_FAIL","22","""hard_fail""   -- Pipeline-stopping: must pass for system to be valid"
"debug","debug/cba_debug_rules.scar","RULE_WARNING","23","""warning""     -- Logged concern: does not block but should be investigated"
"debug","debug/cba_debug_rules.scar","RULE_INFO","24","""info""        -- Advisory: informational metric, never blocks"
"debug","debug/cba_debug_settings.scar","_DEBUG_SETTINGS","91","{}"
"debug","debug/cba_debug_siege_test.scar","Debug_SiegeLimits","1426","Debug_SiegeTest"
"debug","debug/cba_debug_stress.scar","STRESS_ALL_CIVS","10","{"
"debug","debug/cba_debug_stress.scar","_cba_stress","17","{"
"debug","debug/cba_debug_ui_prompts.scar","_cba_debug_prompts","15","{"
"debug","debug/cba_verify_military_pipeline.scar","_LEAVER_VERIFY_STATE","27","{"
"gameplay","gameplay/ags_auto_population.scar","AGS_POPULATION_AUTOMATIC_MODULE","11","""AGS_PopulationAutomatic"""
"gameplay","gameplay/ags_auto_population.scar","_AGS_AutoPop_Caps","12","{}"
"gameplay","gameplay/ags_auto_population.scar","_AGS_AutoPop_InnateCorrected","13","{}"
"gameplay","gameplay/ags_auto_population.scar","_AGS_AutoPop_Corrections","14","{}  -- Soft-correction tracking per player for reconciler"
"gameplay","gameplay/ags_auto_population.scar","_AGS_AutoPop_ForbiddenBPSet","15","{}   -- Init-time EBP lookup set for event-driven pop-source detection"
"gameplay","gameplay/ags_auto_population.scar","_AGS_AutoPop_DeferredPending","16","false  -- Deferred reconcile one-shot guard"
"gameplay","gameplay/ags_auto_population.scar","_AGS_AutoPop_RewardSuppressCount","17","0  -- Counter for reward-path unlock suppressions"
"gameplay","gameplay/ags_auto_population.scar","_AGS_POP_LOCK_KEYS","21","{"
"gameplay","gameplay/ags_auto_resources.scar","AGS_AUTO_RESOURCES_MODULE","9","""AGS_AutoResources"""
"gameplay","gameplay/ags_game_rates.scar","AGS_GAME_RATES_MODULE","10","""AGS_GameRates"""
"gameplay","gameplay/ags_game_rates.scar","AGS_GAME_RATES_MODIFIERS","11","{ }"
"gameplay","gameplay/ags_gather_rates.scar","AGS_GATHER_RATES_MODULE","10","""AGS_GatherRates"""
"gameplay","gameplay/ags_gather_rates.scar","AGS_GATHER_RATES_MODIFIERS","11","{ }"
"gameplay","gameplay/ags_handicaps.scar","AGS_HANDICAPS_MODULE","10","""AGS_Handicaps"""
"gameplay","gameplay/ags_handicaps.scar","AGS_HANDICAPS_TABLE","12","{"
"gameplay","gameplay/ags_handicaps.scar","AGS_HANDICAPS_ECO_MODIFIERS","22","{ }"
"gameplay","gameplay/ags_handicaps.scar","AGS_HANDICAPS_MIL_MODIFIERS","23","{ }"
"gameplay","gameplay/ags_limits_ui.scar","AGS_LIMITS_UI_MODULE","31","""AGS_LimitsUI"""
"gameplay","gameplay/ags_limits_ui.scar","AGS_LIMITS_UI_BAR_MAX","34","160"
"gameplay","gameplay/ags_limits_ui.scar","AGS_LIMITS_UI_YELLOW_START_RATIO","35","(8 / 15)"
"gameplay","gameplay/ags_limits_ui.scar","AGS_LIMITS_UI_ANIM","38","{"
"gameplay","gameplay/ags_limits_ui.scar","AGS_LIMITS_UI_TRACE_UPDATE_FLOW","51","false"
"gameplay","gameplay/ags_limits_ui.scar","AGS_LIMITS_UI_CONTEXT","57","{"
"gameplay","gameplay/ags_limits_ui.scar","AGS_LIMITS_UI_ROW_DEFS","140","{"
"gameplay","gameplay/ags_no_dock.scar","AGS_NO_DOCK_MODULE","14","""AGS_NoDock"""
"gameplay","gameplay/ags_no_dock.scar","AGS_NO_WALL_MODULE","15","""AGS_NoWall"""
"gameplay","gameplay/ags_no_dock.scar","AGS_NO_SIEGE_MODULE","16","""AGS_NoSiege"""
"gameplay","gameplay/ags_no_dock.scar","AGS_NO_ARSENAL_MODULE","17","""AGS_NoArsenal"""
"gameplay","gameplay/ags_population_capacity.scar","AGS_POPULATION_CAPACITY_MODULE","12","""AGS_PopulationCapacity"""
"gameplay","gameplay/ags_population_capacity.scar","AGS_MedicPopulation_CAPACITY_MODULE","13","""AGS_MedicPopulationCapacity"""
"gameplay","gameplay/ags_reveal_fow_on_elimination.scar","AGS_REVEAL_FOW_ON_ELIMINATION_MODULE","10","""AGS_RevealFowOnElimination"""
"gameplay","gameplay/ags_siege_house.scar","AGS_DOCKHOUSE_POPULATION","10","10"
"gameplay","gameplay/ags_siege_house.scar","AGS_DOCKHOUSE_MODULE","11","""AGS_DockHouse"""
"gameplay","gameplay/ags_special_population_ui.scar","AGS_SPECIALPOPULATION_UI_MODULE","10","""AGS_SpecialPopulationUI"""
"gameplay","gameplay/ags_special_population_ui.scar","AGS_SPECIALPOPULATION_UI_CONTEXT","11","{"
"gameplay","gameplay/ags_starting_age.scar","AGS_STARTING_AGE_MODULE","10","""AGS_StartingAge"""
"gameplay","gameplay/ags_team_balance.scar","AGS_TEAM_BALANCE_MODULE","11","""AGS_TeamBalance"""
"gameplay","gameplay/ags_team_balance.scar","AGS_TEAM_BALANCE_TEAM_BONUS","12","{}"
"gameplay","gameplay/ags_team_balance.scar","AGS_TEAM_BALANCE_MEDIC_BONUS","13","{}"
"gameplay","gameplay/ags_tree_bombardment.scar","AGS_TREE_BOMBARDMENT_MODULE","11","""AGS_TreeBombardment"""
"gameplay","gameplay/ags_tree_bombardment.scar","AGS_TREE_BOMBARDMENT","12","{"
"gameplay","gameplay/ags_unit_rates.scar","AGS_UNIT_RATES_MODULE","10","""AGS_UnitRates"""
"gameplay","gameplay/ags_unit_rates.scar","AGS_UNIT_RATES_MODIFIERS","11","{ }"
"gameplay","gameplay/cba_auto_age.scar","_autoage","6","{"
"gameplay","gameplay/cba_auto_age.scar","CBA_AUTO_AGE_AUTOAGE_MODULE","17","""CBA_AutoAge"""
"gameplay","gameplay/cba_auto_age.scar","_AUTOAGE_SPECIAL_UPGRADES","19","{"
"gameplay","gameplay/cba_economy.scar","CBA_ECONOMY_RESOURCES","10","{"
"gameplay","gameplay/cba_hre_balance.scar","CBA_HRE_BALANCE_MODULE","11","""CBA_HREBalance"""
"gameplay","gameplay/cba_hre_balance.scar","CBA_HRE_BALANCE_MODIFIERS","12","{ }"
"gameplay","gameplay/cba_options.scar","CBA_OPTIONS_MODULE","5","""CBA_Options"""
"gameplay","gameplay/cba_options.scar","_BLUEPRINT_REVERSE_MAP","132","{}"
"gameplay","gameplay/cba_options.scar","_CBA_SiegeLimit_DeferredRecheckPending","1052","_CBA_SiegeLimit_DeferredRecheckPending or {}"
"gameplay","gameplay/cba_options.scar","_CBA_SiegeLimit_DeferredRecheckScheduled","1053","_CBA_SiegeLimit_DeferredRecheckScheduled or false"
"gameplay","gameplay/cba_options.scar","_CBA_PERF","1345","_CBA_PERF or { sg_allocs = 0, eg_allocs = 0, recount_calls = 0, queue_scans = 0, disable_skipped = 0, reconcile_ticks = ..."
"gameplay","gameplay/cba_options.scar","_CBA_ENFORCE_IN_PROGRESS","1875","false"
"gameplay","gameplay/cba_options.scar","_CBA_SiegeWeaponBPMapCache","2509","_CBA_SiegeWeaponBPMapCache or {}"
"gameplay","gameplay/cba_siege_data.scar","BP_SIEGE_WORKSHOP","9","""scar_siegeworkshop"" -- Duplicate / not used"
"gameplay","gameplay/cba_siege_data.scar","BP_SIEGE_RAM","11","""ram"""
"gameplay","gameplay/cba_siege_data.scar","BP_SIEGE_WORKSHOP_RAM","12","""workshop_ram"""
"gameplay","gameplay/cba_siege_data.scar","BP_SIEGE_SPRINGALD","13","""springald"""
"gameplay","gameplay/cba_siege_data.scar","BP_SIEGE_MANGONEL","14","""mangonel"""
"gameplay","gameplay/cba_siege_data.scar","BP_SIEGE_RIBAULDEQUIN","15","""ribauldequin"""
"gameplay","gameplay/cba_siege_data.scar","BP_SIEGE_CULVERIN","16","""culverin"""
"gameplay","gameplay/cba_siege_data.scar","BP_SIEGE_CANNON","17","""cannon"""
"gameplay","gameplay/cba_siege_data.scar","BP_SIEGE_BOMBARD","18","""bombard"""
"gameplay","gameplay/cba_siege_data.scar","BP_SIEGE_TREBUCHET_CW","19","""trebuchet_cw"""
"gameplay","gameplay/cba_siege_data.scar","BP_SIEGE_TREBUCHET_TR","20","""trebuchet_tr""  -- Used by Tuning Pack for all factions"
"gameplay","gameplay/cba_siege_data.scar","BP_SIEGE_TOWER","21","""siege_tower"""
"gameplay","gameplay/cba_siege_data.scar","RAM_LIMIT_MAX","23","5"
"gameplay","gameplay/cba_siege_data.scar","SIEGE_TOWER_LIMIT_MAX","24","5"
"gameplay","gameplay/cba_siege_data.scar","BP_SIEGE_SPRINGALD_ABB","26","""unit_springald_3_buildable_abb"""
"gameplay","gameplay/cba_siege_data.scar","BP_SIEGE_MANGONEL_ABB","27","""unit_mangonel_3_buildable_abb"""
"gameplay","gameplay/cba_siege_data.scar","BP_SIEGE_SPRINGALD_ABB_HA_01","29","""unit_springald_3_buildable_abb_ha_01"""
"gameplay","gameplay/cba_siege_data.scar","BP_SIEGE_MANGONEL_ABB_HA_01","30","""unit_mangonel_3_buildable_abb_ha_01"""
"gameplay","gameplay/cba_siege_data.scar","BP_SIEGE_TREBUCHET_TR_BUILDALBE","32","""unit_trebuchet_4_tr_field_construct_mon"""
"gameplay","gameplay/cba_siege_data.scar","BP_SIEGE_TREBUCHET_CW_BUILDALBE","33","""unit_trebuchet_4_cw_field_construct_mon"""
"gameplay","gameplay/cba_siege_data.scar","BP_SIEGE_SPRINGALD_MON","34","""unit_springald_3_field_construct_mon"""
"gameplay","gameplay/cba_siege_data.scar","BP_SIEGE_MANGONEL_MON","35","""unit_mangonel_3_field_construct_mon"""
"gameplay","gameplay/cba_siege_data.scar","BP_SIEGE_TREBUCHET_CW_DOUBLE","37","""trebuchet_cw_double"""
"gameplay","gameplay/cba_siege_data.scar","BP_SIEGE_TREBUCHET_TR_DOUBLE","38","""trebuchet_tr_double"""
"gameplay","gameplay/cba_siege_data.scar","BP_SIEGE_SPRINGALD_DOUBLE","39","""springald_double"""
"gameplay","gameplay/cba_siege_data.scar","BP_SIEGE_MANGONEL_DOUBLE","40","""mangonel_double"""
"gameplay","gameplay/cba_siege_data.scar","BP_SIEGE_RIBAULDEQUIN_DOUBLE","41","""ribauldequin_double"""
"gameplay","gameplay/cba_siege_data.scar","BP_SIEGE_CULVERIN_DOUBLE","42","""culverin_double"""
"gameplay","gameplay/cba_siege_data.scar","BP_SIEGE_CANNON_DOUBLE","43","""cannon_double"""
"gameplay","gameplay/cba_siege_data.scar","BP_SIEGE_BOMBARD_DOUBLE","44","""bombard_double"""
"gameplay","gameplay/cba_siege_data.scar","BP_SIEGE_FRENCH_ROYAL","46","""siege_royal_fre"""
"gameplay","gameplay/cba_siege_data.scar","BP_SIEGE_ROYAL_CANNON","47","""royal_cannon"""
"gameplay","gameplay/cba_siege_data.scar","BP_SIEGE_ROYAL_CULVERIN","48","""royal_culverin"""
"gameplay","gameplay/cba_siege_data.scar","BP_SIEGE_ROYAL_RIBAULDEQUIN","49","""royal_ribauldequin"""
"gameplay","gameplay/cba_siege_data.scar","BP_SIEGE_NESTOFBEES","51","""nest_of_bees"""
"gameplay","gameplay/cba_siege_data.scar","BP_SIEGE_NESTOFBEES_CLOCKTOWER_CHI","52","""nestofbees_clocktower_chi"""
"gameplay","gameplay/cba_siege_data.scar","BP_SIEGE_MANGONEL_CLOCKTOWER_CHI","53","""mangonel_clocktower_chi"""
"gameplay","gameplay/cba_siege_data.scar","BP_SIEGE_SPRINGALD_CLOCKTOWER_CHI","54","""springald_clocktower_chi"""
"gameplay","gameplay/cba_siege_data.scar","BP_SIEGE_TREBUCHET_CLOCKTOWER_CHI","55","""trebuchet_clocktower_chi"""
"gameplay","gameplay/cba_siege_data.scar","BP_SIEGE_BOMBARD_CLOCKTOWER_CHI","56","""bombard_clocktower_chi"""
"gameplay","gameplay/cba_siege_data.scar","CBA_SIEGE_UNITS","61","{"
"gameplay","gameplay/cba_siege_data.scar","CBA_SIEGE_TAG_REGISTRY","128","{"
"gameplay","gameplay/cba_siege_data.scar","CBA_SIEGE_TABLE","256","{"
"gameplay","gameplay/cba_siege_data.scar","CBA_CIV_BP_SUFFIX","609","{"
"helpers","helpers/ags_blueprints.scar","AGS_BP_KEEP","15","""castle"" --scar_keep or castle"
"helpers","helpers/ags_blueprints.scar","AGS_BP_TC_CAPITAL","16","""town_center_capital"""
"helpers","helpers/ags_blueprints.scar","AGS_BP_TC_CAPITAL_UNIT","17","""town_center_capital_moving"""
"helpers","helpers/ags_blueprints.scar","AGS_BP_TC","18","""town_center"""
"helpers","helpers/ags_blueprints.scar","AGS_BP_TC_LANDMARK","19","""town_center_landmark"""
"helpers","helpers/ags_blueprints.scar","AGS_BP_VILLAGER","20","""villager"""
"helpers","helpers/ags_blueprints.scar","AGS_BP_SPEARMAN","21","""spearman"""
"helpers","helpers/ags_blueprints.scar","AGS_BP_ARCHER","22","""archer"""
"helpers","helpers/ags_blueprints.scar","AGS_BP_HORSEMAN","23","""horseman"""
"helpers","helpers/ags_blueprints.scar","AGS_BP_SPRINGALD","24","""springald"""
"helpers","helpers/ags_blueprints.scar","AGS_BP_MONK","25","""monk"""
"helpers","helpers/ags_blueprints.scar","AGS_BP_SCOUT","26","""scout"""
"helpers","helpers/ags_blueprints.scar","AGS_BP_KING","27","""king"""
"helpers","helpers/ags_blueprints.scar","AGS_BP_SHEEP","28","""sheep"""
"helpers","helpers/ags_blueprints.scar","AGS_BP_TREE","29","""tree"""
"helpers","helpers/ags_blueprints.scar","AGS_BP_LANDMARK","30","""wonder"""
"helpers","helpers/ags_blueprints.scar","AGS_BP_WONDER","31","""wonder_imperial_age"""
"helpers","helpers/ags_blueprints.scar","AGS_BP_SACRED_SITE","32","""special_beacon"""
"helpers","helpers/ags_blueprints.scar","AGS_BP_BUILDING","34","""building"""
"helpers","helpers/ags_blueprints.scar","AGS_BP_UNIT_CLASS","36","""annihilation_condition"""
"helpers","helpers/ags_blueprints.scar","AGS_BP_GAIA","37","""gaia"""
"helpers","helpers/ags_blueprints.scar","AGS_BP_MOVING_BUILDINGS","38","""mongol_moving_structure"""
"helpers","helpers/ags_blueprints.scar","AGS_BP_HOUSE_UNIT","39","""house_moving"""
"helpers","helpers/ags_blueprints.scar","AGS_BP_HOW","40","""house_of_wisdom"""
"helpers","helpers/ags_blueprints.scar","AGS_BP_PALISADE","41","""palisade_wall"""
"helpers","helpers/ags_blueprints.scar","AGS_BP_PALISADE_GATE","42","""palisade_gate"""
"helpers","helpers/ags_blueprints.scar","AGS_BP_ANY_WALL","43","""wall"""
"helpers","helpers/ags_blueprints.scar","AGS_BP_ANY_GATE","44","""gate"""
"helpers","helpers/ags_blueprints.scar","AGS_BP_MOBILE","45","""mobile_building"""
"helpers","helpers/ags_blueprints.scar","AGS_BP_SIEGE","46","""siege"""
"helpers","helpers/ags_blueprints.scar","AGS_BP_WORKER","47","""worker"""
"helpers","helpers/ags_blueprints.scar","AGS_BP_MILITARY","48","""military"""
"helpers","helpers/ags_blueprints.scar","AGS_BP_MONASTERY","49","""monastery"""
"helpers","helpers/ags_blueprints.scar","AGS_BP_BARRACKS","50","""barracks"""
"helpers","helpers/ags_blueprints.scar","AGS_BP_ARCHERY_RANGE","51","""archery_range"""
"helpers","helpers/ags_blueprints.scar","AGS_BP_STABLE","52","""stable"""
"helpers","helpers/ags_blueprints.scar","AGS_BP_MARKET","53","""market"""
"helpers","helpers/ags_blueprints.scar","AGS_BP_DOCK","54","""scar_dock"""
"helpers","helpers/ags_blueprints.scar","AGS_BP_HOUSE","55","""house"""
"helpers","helpers/ags_blueprints.scar","AGS_BP_BLACKSMITH","56","""blacksmith"""
"helpers","helpers/ags_blueprints.scar","AGS_BP_UNIVERSITY","57","""university"""
"helpers","helpers/ags_blueprints.scar","AGS_BP_ARSENAL","58","""arsenal"""
"helpers","helpers/ags_blueprints.scar","AGS_BP_RELIC","59","""relic"""
"helpers","helpers/ags_blueprints.scar","AGS_BP_TREASURE","60","""resource_pickup"""
"helpers","helpers/ags_blueprints.scar","AGS_BP_TREASURE_FOOD","61","""resource_pickup_food"""
"helpers","helpers/ags_blueprints.scar","AGS_BP_TREASURE_WOOD","62","""resource_pickup_wood"""
"helpers","helpers/ags_blueprints.scar","AGS_BP_TREASURE_GOLD","63","""resource_pickup_gold"""
"helpers","helpers/ags_blueprints.scar","AGS_BP_TREASURE_STONE","64","""resource_pickup_stone"""
"helpers","helpers/ags_blueprints.scar","AGS_BP_DEPOSIT_GOLD","65","""gold"""
"helpers","helpers/ags_blueprints.scar","AGS_BP_DEPOSIT_STONE","66","""stone"""
"helpers","helpers/ags_blueprints.scar","AGS_BP_DEPOSIT_FOOD","67","""forage_bush"""
"helpers","helpers/ags_blueprints.scar","AGS_BP_DEPOSIT_MARKET","68","""settlement"""
"helpers","helpers/ags_blueprints.scar","AGS_BP_DEPOSIT_ANIMAL","69","""animal"""
"helpers","helpers/ags_blueprints.scar","AGS_BP_WORKSHOP","70","""siege_workshop"""
"helpers","helpers/ags_blueprints.scar","AGS_BP_CROSSBOW","71","""crossbow"" -- Not used"
"helpers","helpers/ags_blueprints.scar","AGS_BP_STONEWALL","72","""stone_wall"""
"helpers","helpers/ags_blueprints.scar","AGS_BP_MINING_CAMP","73","""mining_camp"""
"helpers","helpers/ags_blueprints.scar","AGS_BP_LUMBER_CAMP","74","""lumber_camp"""
"helpers","helpers/ags_blueprints.scar","AGS_BP_MILL","75","""mill"""
"helpers","helpers/ags_blueprints.scar","AGS_UP_ANY","77","""common"""
"helpers","helpers/ags_blueprints.scar","AGS_UP_SPECIAL","78","""special"""
"helpers","helpers/ags_blueprints.scar","AGS_UP_A_MELEE_I","79","""melee1_attack"" -- CBA Reward list upgrades"
"helpers","helpers/ags_blueprints.scar","AGS_UP_D_MELEE_I","80","""melee1_defense"""
"helpers","helpers/ags_blueprints.scar","AGS_UP_A_MELEE_II","81","""melee2_attack"""
"helpers","helpers/ags_blueprints.scar","AGS_UP_D_MELEE_II","82","""melee2_defense"""
"helpers","helpers/ags_blueprints.scar","AGS_UP_A_MELEE_III","83","""melee3_attack"""
"helpers","helpers/ags_blueprints.scar","AGS_UP_D_MELEE_III","84","""melee3_defense"""
"helpers","helpers/ags_blueprints.scar","AGS_UP_A_RANGED_I","85","""ranged1_attack"""
"helpers","helpers/ags_blueprints.scar","AGS_UP_D_RANGED_I","86","""ranged1_defense"""
"helpers","helpers/ags_blueprints.scar","AGS_UP_A_RANGED_II","87","""ranged2_attack"""
"helpers","helpers/ags_blueprints.scar","AGS_UP_D_RANGED_II","88","""ranged2_defense"""
"helpers","helpers/ags_blueprints.scar","AGS_UP_A_RANGED_III","89","""ranged3_attack"""
"helpers","helpers/ags_blueprints.scar","AGS_UP_D_RANGED_III","90","""ranged3_defense"""
"helpers","helpers/ags_blueprints.scar","AGS_UP_MANATARMS_ELITE","91","""maa_elite_tactics"""
"helpers","helpers/ags_blueprints.scar","AGS_UP_SPEARMAN_ELITE","92","""spear_elite_tactics"""
"helpers","helpers/ags_blueprints.scar","AGS_UP_BIOLOGY","93","""biology"""
"helpers","helpers/ags_blueprints.scar","AGS_UP_BARDING","94","""barding"""
"helpers","helpers/ags_blueprints.scar","AGS_UP_GRAPERED_LANCE","95","""grapered_lance"""
"helpers","helpers/ags_blueprints.scar","AGS_UP_MILITARY_ACADEMY","96","""military_academy"""
"helpers","helpers/ags_blueprints.scar","AGS_UP_RANGED_INCENDIARY","97","""ranged_incendiary"""
"helpers","helpers/ags_blueprints.scar","AGS_UP_ARCHITECTURE","98","""university_architecture"""
"helpers","helpers/ags_blueprints.scar","AGS_UP_CHEMISTRY","99","""university_chemistry"""
"helpers","helpers/ags_blueprints.scar","AGS_UP_SIEGE_WORKS","100","""siege_works"""
"helpers","helpers/ags_blueprints.scar","AGS_UP_SIEGE_SPEED","101","""siege_speed"""
"helpers","helpers/ags_blueprints.scar","AGS_UP_SIEGE_ROLLER_TRIGGER","102","""roller_trigger"""
"helpers","helpers/ags_blueprints.scar","AGS_UP_SIEGE_ADJUSTABLE_CROSSBAR","103","""adjustable_crossbar"""
"helpers","helpers/ags_blueprints.scar","AGS_UP_SIEGE_ENGINEERS","104","""siege_engineers"""
"helpers","helpers/ags_blueprints.scar","AGS_UP_LONGBOW_CAMP","106","""longbow_make_camp"""
"helpers","helpers/ags_blueprints.scar","AGS_UP_LONBOW_PALINGS","107","""ranged_palings"""
"helpers","helpers/ags_blueprints.scar","AGS_UP_LONGBOW_VOLLEY","108","""arrow_volley"""
"helpers","helpers/ags_blueprints.scar","AGS_UP_LONGBOW_DMGPEN","109","""longbow_armor_penetration"""
"helpers","helpers/ags_blueprints.scar","AGS_UP_LONGBOW_DAMAGE","110","""longbow_damage"""
"helpers","helpers/ags_blueprints.scar","AGS_UP_ARMOR_CLAD","111","""armor_clad"""
"helpers","helpers/ags_blueprints.scar","AGS_UP_TREBUCHET_AOE","112","""trebuchet_aoe""]]"
"helpers","helpers/ags_blueprints.scar","AGS_CIV_SULTANATE","114","""sultanate"""
"helpers","helpers/ags_blueprints.scar","AGS_CIV_ENGLISH","115","""english"""
"helpers","helpers/ags_blueprints.scar","AGS_CIV_HRE","116","""hre"""
"helpers","helpers/ags_blueprints.scar","AGS_CIV_MONGOL","117","""mongol"""
"helpers","helpers/ags_blueprints.scar","AGS_CIV_ABBASID","118","""abbasid"""
"helpers","helpers/ags_blueprints.scar","AGS_CIV_CHINESE","119","""chinese"""
"helpers","helpers/ags_blueprints.scar","AGS_CIV_RUS","120","""rus"""
"helpers","helpers/ags_blueprints.scar","AGS_CIV_FRENCH","121","""french"""
"helpers","helpers/ags_blueprints.scar","AGS_CIV_MALIAN","122","""malian"""
"helpers","helpers/ags_blueprints.scar","AGS_CIV_OTTOMAN","123","""ottoman"""
"helpers","helpers/ags_blueprints.scar","AGS_CIV_ABBASID_HA_01","124","""abbasid_ha_01"""
"helpers","helpers/ags_blueprints.scar","AGS_CIV_CHINESE_HA_01","125","""chinese_ha_01"""
"helpers","helpers/ags_blueprints.scar","AGS_CIV_FRENCH_HA_01","126","""french_ha_01"""
"helpers","helpers/ags_blueprints.scar","AGS_CIV_HRE_HA_01","127","""hre_ha_01"""
"helpers","helpers/ags_blueprints.scar","AGS_CIV_JAPANESE","128","""japanese"""
"helpers","helpers/ags_blueprints.scar","AGS_CIV_BYZANTINE","129","""byzantine"""
"helpers","helpers/ags_blueprints.scar","AGS_CIV_MONGOL_HA_GOL","130","""mongol_ha_gol"""
"helpers","helpers/ags_blueprints.scar","AGS_CIV_LANCASTER","131","""lancaster"""
"helpers","helpers/ags_blueprints.scar","AGS_CIV_TEMPLAR","132","""templar"""
"helpers","helpers/ags_blueprints.scar","AGS_CIV_BYZANTINE_HA_MAC","133","""byzantine_ha_mac"""
"helpers","helpers/ags_blueprints.scar","AGS_CIV_JAPANESE_HA_SEN","134","""japanese_ha_sen"""
"helpers","helpers/ags_blueprints.scar","AGS_CIV_SULTANATE_HA_TUG","135","""sultanate_ha_tug"""
"helpers","helpers/ags_blueprints.scar","AGS_CIV_PARENT_MAP","141","{"
"helpers","helpers/ags_blueprints.scar","AGS_CIV_FACTION_MAP","153","{"
"helpers","helpers/ags_blueprints.scar","AGS_UNIT_BP_OVERRIDES","178","{"
"helpers","helpers/ags_blueprints.scar","AGS_UP_DARK","190","""AGE_DARK"""
"helpers","helpers/ags_blueprints.scar","AGS_UP_FEUDAL","191","""AGE_FEUDAL"""
"helpers","helpers/ags_blueprints.scar","AGS_UP_CASTLE","192","""AGE_CASTLE"""
"helpers","helpers/ags_blueprints.scar","AGS_UP_IMPERIAL","193","""AGE_IMPERIAL"""
"helpers","helpers/ags_blueprints.scar","AGS_BUILDING_FALLBACK_MAP","198","{"
"helpers","helpers/ags_blueprints.scar","AGS_ENTITY_TABLE","212","{"
"helpers","helpers/ags_blueprints.scar","AGS_CIV_PREFIXES","929","{"
"helpers","helpers/ags_blueprints.scar","AGS_UPGRADE_AGES","956","{"
"helpers","helpers/ags_blueprints.scar","AGS_UPGRADE_CORRECTION_TABLE","963","{"
"helpers","helpers/ags_blueprints.scar","AGS_UPGRADE_TABLE","1061","{"
"helpers","helpers/ags_blueprints.scar","AGS_NIL_BP_WARNINGS","2574","AGS_NIL_BP_WARNINGS or {}"
"helpers","helpers/ags_blueprints.scar","AGS_SAE_SELF","2693","0"
"helpers","helpers/ags_blueprints.scar","AGS_SAE_ALLY","2694","1"
"helpers","helpers/ags_blueprints.scar","AGS_SAE_ENEMY","2695","2"
"helpers","helpers/ags_teams.scar","AGS_TEAMS_MODULE","10","""AGS_Teams"""
"helpers","helpers/ags_teams.scar","AGS_TEAMS_TABLE","11","{"
"observerui","observerui/gamestatetracking/ontributesent.scar","TRIBUTE_RESOURCES","3","{"
"observerui","observerui/observerui.scar","_SwapPlayers1v1ButtonDataContext","73","{"
"observerui","observerui/observerui.scar","_SymmetryButtonDataContext","77","{"
"observerui","observerui/observerui.scar","_ToggleUIButtonDataContext","81","{"
"observerui","observerui/observerui.scar","_HideMessagesButtonDataContext","85","{"
"observerui","observerui/observerui.scar","_HideArmyButtonDataContext","89","{"
"observerui","observerui/observerui.scar","_SwapResourceWithIncomePerMinuteButtonDataContext","93","{"
"observerui","observerui/observerui.scar","_IsImprovedUIVisible","97","true"
"observerui","observerui/observeruiconstants.scar","ObserverUiConstants","1","{"
"observerui","observerui/observeruiinitialization.scar","ObserverUiInitialization","1","{"
"observerui","observerui/observeruimessagesystem.scar","ObserverUiMessageSystem","1","{"
"observerui","observerui/observeruirulesystem.scar","ObserverUiRuleSystem","1","{"
"observerui","observerui/observeruirulesystem.scar","_DefaultFuncTable","76","{ Func = _NoOp }"
"observerui","observerui/observeruirulesystem.scar","_DefaultFuncMt","77","{ __index = function () return _DefaultFuncTable end}"
"observerui","observerui/observeruiupdateui.scar","_ObserverUIDataContext","1","ObserverUiDataContext"
"observerui","observerui/observeruiupdateui.scar","ObserverUi_ResourceMapping","4","{"
"observerui","observerui/observeruiupdateui.scar","_AgeIconsForAnimation","15","{"
"observerui","observerui/observeruiupdateui.scar","_AgeIcons","26","{"
"observerui","observerui/observeruiupdateui.scar","_RaceImage","37","{"
"observerui","observerui/settings.scar","ObserverUI_Settings","1","{"
"observerui","observerui/tracking_agingupprogress.scar","AgingUpProgress","1","{}"
"observerui","observerui/tracking_aginguptimings.scar","AgingUpTimings","1","{"
"observerui","observerui/tracking_gameobjectrepository.scar","GameObjectRepository","1","{"
"observerui","observerui/tracking_ownedsquads.scar","OwnedSquads","1","{}"
"observerui","observerui/tracking_populationcapped.scar","PopulationCapped","1","{}"
"observerui","observerui/tracking_populationcomposition.scar","PopulationComposition","1","{}"
"observerui","observerui/tracking_queuedstuff.scar","QueuedStuff","1","{}"
"observerui","observerui/tracking_reliclocations.scar","RelicLocations","1","{}"
"observerui","observerui/tracking_squadlosses.scar","SquadLosses","1","{}"
"observerui","observerui/tracking_towncenteridling.scar","TownCenterIdling","1","{}"
"observerui","observerui/tracking_workeridling.scar","WorkerIdling","1","{}"
"observerui","observerui/uidatacontext/initialize_numberofplayers.scar","UiNumberOfPlayers","1","{}"
"observerui","observerui/uidatacontext/initialize_observeruidatacontextmappings.scar","ObserverUIDataContextMappings","1","{"
"observerui","observerui/uidatacontext/observeruidatacontext.scar","ObserverUiDataContext","1","{}"
"observerui","observerui/uidatacontext/updateui_landmarkvictory.scar","UiLandmarkVictory","1","{}"
"observerui","observerui/uidatacontext/updateui_messages.scar","UiMessages","1","{"
"observerui","observerui/uidatacontext/updateui_populationcapped.scar","UiPopulationCapped","1","{}"
"observerui","observerui/uidatacontext/updateui_squadlosses.scar","UiSquadLosses","1","{}"
"observerui","observerui/uidatacontext/updateui_teamsummary.scar","UiTeamSummary","1","{}"
"observerui","observerui/uidatacontext/updateui_victorycountdowns.scar","UiVictoryCountdowns","1","{}"
"observerui","observerui/xaml/hidearmybutton.scar","XamlHideArmyButton","1",""
"observerui","observerui/xaml/hidemessagesbutton.scar","XamlHideMessagesButton","1",""
"observerui","observerui/xaml/observe2players.scar","_Observe2PlayersXaml","1",""
"observerui","observerui/xaml/observenplayers.scar","_ObserveNPlayersXaml","1",""
"observerui","observerui/xaml/observenplayers.scar","xmlns","3","""http://schemas.microsoft.com/winfx/2006/xaml/presentation"""
"observerui","observerui/xaml/swapplayers1v1button.scar","_SwapPlayers1v1ButtonXaml","1",""
"observerui","observerui/xaml/swapresourcewithincomeperminutebutton.scar","_SwapResourceWithIncomePerMinuteButtonXaml","1",""
"observerui","observerui/xaml/symmetrybutton.scar","_SymmetryButtonXaml","1",""
"observerui","observerui/xaml/teamvteam.scar","XamlTeamVTeam","1",""
"observerui","observerui/xaml/toggleuibutton.scar","_ToggleUIButtonXaml","1",""
"root","onslaught.scar","_mod","77","{"
"playerui","playerui/playerui_animate.scar","_PlayerUI_Anim","15","{}           -- keyed by string id → { target = N, display = N }"
"playerui","playerui/playerui_animate.scar","_PlayerUI_AnimDirty","16","false   -- true while any display ≠ target"
"playerui","playerui/playerui_animate.scar","_PlayerUI_AnimMaxStepTicks","17","15   -- ticks to converge (15 × 0.1s = 1.5s)"
"playerui","playerui/playerui_animate.scar","_PLAYERUI_ANIM_EASE_BASE_DURATION","20","1.0   -- seconds at delta=1"
"playerui","playerui/playerui_animate.scar","_PLAYERUI_ANIM_EASE_MIN_DURATION","21","0.5    -- minimum seconds"
"playerui","playerui/playerui_animate.scar","_PLAYERUI_ANIM_EASE_MAX_DURATION","22","3.0    -- maximum seconds"
"playerui","playerui/playerui_animate.scar","_PLAYERUI_ANIM_TICK_INTERVAL","23","0.1        -- seconds per tick"
"playerui","playerui/playerui_animate.scar","_PlayerUI_AnimPositions","27","{}"
"playerui","playerui/playerui_animate.scar","_PlayerUI_AnimPositionsDirty","28","false"
"playerui","playerui/playerui_animate.scar","_PLAYERUI_ANIM_EASEOUT_FACTOR","29","0.25   -- lerp factor per 0.1s tick (~400ms convergence)"
"playerui","playerui/playerui_animate.scar","_PLAYERUI_ANIM_POSITION_EPSILON","30","0.5  -- px threshold to snap to target"
"playerui","playerui/playerui_animate.scar","_PlayerUI_AnimDecay","33","{}"
"playerui","playerui/playerui_animate.scar","_PlayerUI_ScorePulse","36","{}"
"playerui","playerui/playerui_animate.scar","_PLAYERUI_PULSE_DECAY","37","0.30"
"playerui","playerui/playerui_animate.scar","_PLAYERUI_PULSE_SCALE_PEAK","38","0.12"
"playerui","playerui/playerui_animate.scar","_PLAYERUI_PULSE_EPSILON","39","0.01"
"playerui","playerui/playerui_animate.scar","_PLAYERUI_HIGHLIGHT_DECAY_RATE","40","0.12"
"playerui","playerui/playerui_animate.scar","_PLAYERUI_SCALE_POP_PEAK","41","0.08"
"playerui","playerui/playerui_animate.scar","_PLAYERUI_SCALE_POP_DECAY_RATE","42","0.20"
"playerui","playerui/playerui_animate.scar","_PlayerUI_ElimDiag","45","{"
"playerui","playerui/playerui_animate.scar","_PlayerUI_RewardIconSlotState","63","{}      -- array of { threshold, opacity, borderColor, targetBorderColor, offsetX, targetOffsetX, scale, targetScale }"
"playerui","playerui/playerui_animate.scar","_PlayerUI_RewardIconSmoothingActive","64","false"
"playerui","playerui/playerui_animate.scar","_PlayerUI_RewardIconSmoothingInitialized","65","false"
"playerui","playerui/playerui_animate.scar","_PlayerUI_RewardStripOffsetX","68","0"
"playerui","playerui/playerui_animate.scar","_PlayerUI_RewardStripTargetOffsetX","69","0"
"playerui","playerui/playerui_animate.scar","_PlayerUI_MotionGuards","72","{"
"playerui","playerui/playerui_animate.scar","_PlayerUI_EliminationAnims","1548","{}"
"playerui","playerui/playerui_animate.scar","_PlayerUI_EliminationRevealAnims","1681","{}"
"playerui","playerui/playerui_animate.scar","_PlayerUI_EliminationGlowAnims","1766","{}"
"playerui","playerui/playerui_constants.scar","PlayerUiConstants","5","{"
"playerui","playerui/playerui_constants.scar","_PLAYERUI_ELIM_ANIM_DURATION","18","0.5         -- animation duration in seconds"
"playerui","playerui/playerui_constants.scar","_PLAYERUI_ELIM_ANIM_FADE_TARGET","19","0.4      -- final opacity multiplier (0.4 = standard dim)"
"playerui","playerui/playerui_constants.scar","_PLAYERUI_ELIM_ANIM_SCALE_MIN","20","0.95       -- scale floor (animates from 0.95 back to 1.0)"
"playerui","playerui/playerui_constants.scar","_PLAYERUI_ELIM_ANIM_SEED_PROGRESS","21","0.08   -- immediate first-frame progress so fade is visible on trigger pass"
"playerui","playerui/playerui_constants.scar","_PLAYERUI_ELIM_ANIM_MAX_PROGRESS_STEP","22","0.35 -- clamp per tick to avoid skip-to-complete on delayed frames"
"playerui","playerui/playerui_constants.scar","_PLAYERUI_ELIM_ANIM_DEBUG","23","false          -- debug output toggle"
"playerui","playerui/playerui_constants.scar","_PLAYERUI_ELIM_REVEAL_DURATION","31","0.25       -- reveal fade-in duration in seconds"
"playerui","playerui/playerui_constants.scar","_PLAYERUI_ELIM_REVEAL_SEED_PROGRESS","32","0.10  -- immediate first-frame progress so reveal is visible on trigger"
"playerui","playerui/playerui_constants.scar","_PLAYERUI_ELIM_REVEAL_MAX_PROGRESS_STEP","33","0.40 -- clamp per tick to avoid skip-to-complete"
"playerui","playerui/playerui_constants.scar","_PLAYERUI_ELIM_GLOW_DURATION","40","0.30         -- glow pulse duration in seconds"
"playerui","playerui/playerui_constants.scar","_PLAYERUI_ELIM_GLOW_PEAK_OPACITY","41","0.30     -- starting opacity of glow overlay"
"playerui","playerui/playerui_constants.scar","_PLAYERUI_ELIM_GLOW_SEED_PROGRESS","42","0.10    -- immediate first-frame progress"
"playerui","playerui/playerui_constants.scar","_PLAYERUI_ELIM_GLOW_MAX_PROGRESS_STEP","43","0.40 -- clamp per tick to avoid skip-to-complete"
"playerui","playerui/playerui_constants.scar","_PLAYERUI_ELIM_MARGIN_SLIDE_PX","49","3              -- vertical slide distance in px"
"playerui","playerui/playerui_constants.scar","_PLAYERUI_ELIM_SCORE_COLOR_ALIVE","50","""#FFFFFFFF""  -- white (alive score colour)"
"playerui","playerui/playerui_constants.scar","_PLAYERUI_ELIM_SCORE_COLOR_FINAL","51","""#FF888888""  -- grey (eliminated score colour)"
"playerui","playerui/playerui_constants.scar","_PLAYERUI_ELIM_STATUS_COLOR_START","52","""#FF888888""  -- grey (status label start colour for lerp)"
"playerui","playerui/playerui_constants.scar","_PLAYERUI_REWARD_ICON_FADE_IN_RATE","59","0.15       -- opacity increase per 0.1s tick (~0.7s full fade)"
"playerui","playerui/playerui_constants.scar","_PLAYERUI_REWARD_ICON_FADE_SEED","60","0.25          -- starting opacity when slot content changes"
"playerui","playerui/playerui_constants.scar","_PLAYERUI_REWARD_ICON_BORDER_LERP","61","0.20        -- border colour lerp factor per 0.1s tick"
"playerui","playerui/playerui_constants.scar","_PLAYERUI_REWARD_HIGHLIGHT_DURATION","70","1.0       -- seconds to hold completed icon with glow + de-emphasis"
"playerui","playerui/playerui_constants.scar","_PLAYERUI_REWARD_FADEOUT_DURATION","71","0.55         -- seconds for completed icon to fade out (was 0.4)"
"playerui","playerui/playerui_constants.scar","_PLAYERUI_REWARD_RESHUFFLE_DURATION","72","0.6        -- seconds for remaining icons to restore and reposition (was 0.4)"
"playerui","playerui/playerui_constants.scar","_PLAYERUI_REWARD_DEEMPHASIS_OPACITY","73","0.30       -- queued icon opacity during highlight/fadeout"
"playerui","playerui/playerui_constants.scar","_PLAYERUI_REWARD_GLOW_PEAK_OPACITY","74","0.35        -- peak gold overlay opacity on completed icon"
"playerui","playerui/playerui_constants.scar","_PLAYERUI_REWARD_GLOW_HOLD_RATIO","75","0.30          -- fraction of highlight duration to hold peak before decay"
"playerui","playerui/playerui_constants.scar","_PLAYERUI_REWARD_DEEMPH_RAMP_RATIO","76","0.50        -- fraction of highlight to ramp de-emphasis (was hard-coded 0.3)"
"playerui","playerui/playerui_constants.scar","_PLAYERUI_REWARD_ADVANCE_DWELL","77","0.15            -- seconds to pause between reshuffle and next milestone"
"playerui","playerui/playerui_constants.scar","_PLAYERUI_REWARD_RESHUFFLE_STAGGER","78","0.08        -- seconds per slot of staggered reshuffle entry"
"playerui","playerui/playerui_constants.scar","_PLAYERUI_REWARD_ICON_OFFSET_LERP","86","0.25         -- lerp factor per 0.1s tick for offsetX convergence"
"playerui","playerui/playerui_constants.scar","_PLAYERUI_REWARD_ICON_OFFSET_EPSILON","87","0.5        -- px threshold to snap offsetX to target"
"playerui","playerui/playerui_constants.scar","_PLAYERUI_REWARD_ICON_SCALE_LERP","88","0.25           -- lerp factor per 0.1s tick for scale convergence"
"playerui","playerui/playerui_constants.scar","_PLAYERUI_REWARD_ICON_SCALE_EPSILON","89","0.01        -- threshold to snap scale to target"
"playerui","playerui/playerui_constants.scar","_PLAYERUI_REWARD_ICON_SCALE_HIGHLIGHT","90","1.20      -- completed icon scale during highlight (expressive)"
"playerui","playerui/playerui_constants.scar","_PLAYERUI_REWARD_ICON_SCALE_DEEMPH","91","0.80         -- queued icon scale during highlight/fadeout"
"playerui","playerui/playerui_constants.scar","_PLAYERUI_REWARD_ICON_OFFSET_SLIDE","92","20           -- px: new lead icon slides left during reshuffle"
"playerui","playerui/playerui_constants.scar","_PLAYERUI_REWARD_CENTER_DURATION","93","0.35           -- seconds: completion_center convergence phase"
"playerui","playerui/playerui_constants.scar","_PLAYERUI_REWARD_CENTER_TIMEOUT","94","0.6             -- seconds: max time before force-advancing past center"
"playerui","playerui/playerui_constants.scar","_PLAYERUI_REWARD_FADEOUT_SCALE_END","95","0.60          -- completed icon scale at end of fadeout (shrink)"
"playerui","playerui/playerui_constants.scar","_PLAYERUI_REWARD_STRIP_OFFSET_LERP","96","0.20         -- strip-level pan lerp factor per tick"
"playerui","playerui/playerui_constants.scar","_PLAYERUI_REWARD_ICON_SLOT_WIDTH","97","36              -- px: icon natural width in StackPanel (30 icon + 6 margin)"
"playerui","playerui/playerui_constants.scar","_PLAYERUI_REWARD_FILL_BASE_DURATION","98","1.35         -- seconds for bar to smoothly fill 0→100% (center + highlight)"
"playerui","playerui/playerui_constants.scar","_PLAYERUI_REWARD_FILL_QUEUE_ACCEL","99","0.25           -- extra speed multiplier per queued item (more queue = faster fill)"
"playerui","playerui/playerui_datacontext.scar","PlayerUiDataContext","6","{}"
"playerui","playerui/playerui_datacontext.scar","_PlayerUI_RewardPlayback","69","{"
"playerui","playerui/playerui_initialization.scar","PlayerUiInitialization","7","{"
"playerui","playerui/playerui_ranking.scar","_RANKING_STABILITY_THRESHOLD","21","15       -- score margin required to swap adjacent ranks"
"playerui","playerui/playerui_ranking.scar","_RANKING_STABILITY_COOLDOWN","22","3.0       -- seconds between rank changes for same player"
"playerui","playerui/playerui_ranking.scar","_RANKING_GLOBAL_REORDER_COOLDOWN","23","2.0  -- seconds between batch reorders"
"playerui","playerui/playerui_ranking.scar","_RANKING_ROW_HEIGHT","24","34                -- pixels per player row"
"playerui","playerui/playerui_ranking.scar","_RANKING_STAGGER_DELAY","25","0.05           -- seconds between staggered animations (50ms)"
"playerui","playerui/playerui_ranking.scar","_RANKING_TRANSITION_CONVERGE","26","0.5      -- px threshold to consider animation converged"
"playerui","playerui/playerui_ranking.scar","_RANKING_TRANSITION_TIMEOUT","27","2.0       -- seconds before force-releasing transition lock"
"playerui","playerui/playerui_ranking.scar","_RANKING_EASEOUT_FACTOR","28","0.25          -- lerp factor per 0.1s tick (ease-out)"
"playerui","playerui/playerui_ranking.scar","_RANKING_ELIMINATED_SENTINEL","29","-100000  -- ranking-only score for eliminated players (always below active)"
"playerui","playerui/playerui_ranking.scar","_RANKING_CONTESTED_PULSE_PERIOD","30","0.6   -- seconds per full contested glow cycle"
"playerui","playerui/playerui_ranking.scar","_RANKING_CONTESTED_PULSE_MIN","31","0.3      -- minimum glow opacity during pulse"
"playerui","playerui/playerui_ranking.scar","_RANKING_CONTESTED_PULSE_PEAK","32","0.6     -- maximum glow opacity during pulse"
"playerui","playerui/playerui_ranking.scar","_RANKING_CONTESTED_RESOLVE_FLASH_PEAK","33","0.5    -- highlight flash peak on contested→resolved transition"
"playerui","playerui/playerui_ranking.scar","_RANKING_CONTESTED_RESOLVE_FLASH_DECAY","34","0.15  -- decay rate for contested→resolved flash"
"playerui","playerui/playerui_ranking.scar","_RANKING_DIRECTIONAL_PULSE_PERIOD","35","0.8  -- seconds per full up/down glow cycle (calmer than contested)"
"playerui","playerui/playerui_ranking.scar","_RANKING_DIRECTIONAL_PULSE_MIN","36","0.5     -- minimum directional glow opacity"
"playerui","playerui/playerui_ranking.scar","_RANKING_DIRECTIONAL_PULSE_PEAK","37","0.9    -- maximum directional glow opacity"
"playerui","playerui/playerui_ranking.scar","_RANKING_DIRECTIONAL_RESOLVE_FLASH_PEAK","38","0.4   -- flash peak on directional arrow clear/change"
"playerui","playerui/playerui_ranking.scar","_RANKING_DIRECTIONAL_RESOLVE_FLASH_DECAY","39","0.18  -- decay rate for directional resolution flash"
"playerui","playerui/playerui_ranking.scar","_RANKING_SHUFFLE_PULSE_PERIOD","40","0.4    -- seconds per shuffle-imminent pulse cycle (faster than directional)"
"playerui","playerui/playerui_ranking.scar","_RANKING_SHUFFLE_PULSE_MIN","41","0.35      -- minimum shuffle-arrow opacity"
"playerui","playerui/playerui_ranking.scar","_RANKING_SHUFFLE_PULSE_PEAK","42","0.85     -- maximum shuffle-arrow opacity"
"playerui","playerui/playerui_ranking.scar","_RANKING_PULSE_LOOPS_PER_UPDATE","43","2       -- number of pulse cycles to run after each ranking update"
"playerui","playerui/playerui_ranking.scar","_RANKING_DEBUG_FORCE_WINDOW","44","5.0         -- seconds debug-forced prediction state persists against recompute"
"playerui","playerui/playerui_ranking.scar","RANK_CHANGE_NONE","47","""none"""
"playerui","playerui/playerui_ranking.scar","RANK_CHANGE_MINOR","48","""minor""   -- moved 1 position"
"playerui","playerui/playerui_ranking.scar","RANK_CHANGE_MAJOR","49","""major""   -- moved 2+ positions"
"playerui","playerui/playerui_ranking.scar","_PlayerUI_RankState","52","nil  -- { teamLeft = {}, teamRight = {} }"
"playerui","playerui/playerui_ranking.scar","_PlayerUI_RankTransitionLock","53","false"
"playerui","playerui/playerui_ranking.scar","_PlayerUI_RankTransitionLockTime","54","0"
"playerui","playerui/playerui_ranking.scar","_PlayerUI_RankLastGlobalReorder","55","0"
"playerui","playerui/playerui_ranking.scar","_PlayerUI_RankPendingReorder","56","false"
"playerui","playerui/playerui_ranking.scar","_RANKING_STATS_COLLAPSE_HITS","59","0              -- times contested collapse suppressed multi-arrows"
"playerui","playerui/playerui_ranking.scar","_RANKING_STATS_COLLAPSE_BYPASSED_FORCE","60","0    -- times collapse skipped due to debug-force active"
"playerui","playerui/playerui_ranking.scar","_RANKING_DEBUG_SCORE_INJECTION","64","nil"
"playerui","playerui/playerui_ranking.scar","_RANKING_DEFERRED_TARGETS","722","{}"
"playerui","playerui/playerui_ranking.scar","_PLAYERUI_DEBUG_FWA_PENDING","1786","nil"
"playerui","playerui/playerui_rulesystem.scar","PlayerUiRuleSystem","7","{"
"playerui","playerui/playerui_rulesystem.scar","_PlayerUI_DefaultFuncTable","97","{ Func = _PlayerUI_NoOp }"
"playerui","playerui/playerui_rulesystem.scar","_PlayerUI_DefaultFuncMt","98","{ __index = function() return _PlayerUI_DefaultFuncTable end }"
"playerui","playerui/playerui_settings.scar","PLAYERUI_ENABLED","7","true"
"playerui","playerui/playerui_settings.scar","PlayerUI_Settings","9","{"
"playerui","playerui/playerui_updateui.scar","_PlayerUI_DataContext","11","PlayerUiDataContext"
"playerui","playerui/playerui_updateui.scar","_PLAYERUI_ELIM_TRANSFER_SUPPRESS_WARN_SEC","13","15.0"
"playerui","playerui/playerui_updateui.scar","_PlayerUI_EliminationAnimTriggered","16","{}   -- keyed by playerIndex, true once animation triggered"
"playerui","playerui/playerui_updateui.scar","PlayerUI_ResourceMapping","436","{"
"playerui","playerui/playerui_updateui.scar","_PlayerUI_AgeIcons","447","{"
"playerui","playerui/playerui_updateui.scar","_PlayerUI_RaceImage","458","{"
"playerui","playerui/playerui_updateui.scar","_PLAYERUI_COLOR_WHITE","476","{ r = 255, g = 255, b = 255 }  -- score 0"
"playerui","playerui/playerui_updateui.scar","_PLAYERUI_COLOR_YELLOW","477","{ r = 255, g = 255, b = 0   }  -- score 5000"
"playerui","playerui/playerui_updateui.scar","_PLAYERUI_COLOR_ORANGE","478","{ r = 255, g = 165, b = 0   }  -- score 7500"
"playerui","playerui/playerui_updateui.scar","_PLAYERUI_COLOR_RED","479","{ r = 255, g = 50,  b = 50  }  -- score 10000"
"playerui","playerui/playerui_updateui.scar","_PlayerUI_LimitsYellowRatio","1221","(8 / 15)"
"playerui","playerui/playerui_updateui.scar","_PlayerUI_RewardIconFallback","1308","""pack://application:,,,/WPFGUI;component/icons/races/common/buildings/keep.png"""
"playerui","playerui/tracking/tracking_agingupprogress.scar","PlayerUI_AgingUpProgress","8","{}"
"playerui","playerui/tracking/tracking_gameobjectrepository.scar","PlayerUI_GameObjectRepository","7","{"
"playerui","playerui/tracking/tracking_ownedsquads.scar","PlayerUI_OwnedSquads","7","{}"
"playerui","playerui/tracking/tracking_populationcomposition.scar","PlayerUI_PopulationComposition","7","{}"
"playerui","playerui/tracking/tracking_queuedstuff.scar","PlayerUI_QueuedStuff","7","{}"
"playerui","playerui/tracking/tracking_reliclocations.scar","PlayerUI_RelicLocations","7","{}"
"playerui","playerui/uidatacontext/initialize_datacontext.scar","PlayerUIDataContextMappings","9","{"
"root","rewards.scar","CBA_REWARDS_CBAULE","9","""CBA_Rewards"""
"root","rewards.scar","_CBA","10","{"
"rewards","rewards/cba_kill_scoring.scar","CBA_KILL_POINTS","12","{"
"rewards","rewards/cba_rewards.scar","CBA_REWARDS_CBAULE","13","""CBA_Rewards"""
"rewards","rewards/cba_rewards.scar","_CBA","14","{"
"rewards","rewards/cba_rewards.scar","_reward_queue","25","{}"
"specials","specials/ags_match_ui.scar","AGS_MATCH_UI_MODULE","10","""AGS_MatchUI"""
"specials","specials/ags_match_ui.scar","AGS_MATCH_UI_OBJECTIVE_VISIBILITY","11","true"
"specials","specials/ags_match_ui.scar","AGS_MATCH_UI_CONTEXT","12","{"
"specials","specials/ags_testing.scar","AGS_TESTING_MODULE","10","""AGS_Testing"""
"specials","specials/ags_utilities.scar","AGS_UTILITIES_MODULE","58","""AGS_Utilities"""
"startconditions","startconditions/ags_start_scattered.scar","AGS_SCATTERED_MODULE","11","""AGS_Scattered"""
"startconditions","startconditions/ags_start_scattered.scar","AGS_SCATTERED_RADIUS","12","1"
"startconditions","startconditions/ags_start_scattered.scar","AGS_SCATTERED_TUNING","13","1.9"
"startconditions","startconditions/ags_start_scattered.scar","AGS_SCATTERED_WOOD","14","400"
"startconditions","startconditions/ags_start_scattered.scar","AGS_SCATTERED_STONE","15","300"
"startconditions","startconditions/nomad_start.scar","_num_vils","9","3 -- number of vils to be spawned at the start of the game"
"startconditions","startconditions/nomad_start.scar","_timer_one","10","180 -- Duration of treaty timer option one"
"startconditions","startconditions/nomad_start.scar","_timer_two","11","300 -- Duration of treaty timer option two"
"startconditions","startconditions/nomad_start.scar","_tcSpawned","12","{} -- Holds bools for if player has built a TC"
"startconditions","startconditions/nomad_start.scar","options","13","{}"
"root","wonder.scar","_wonder","18","{"
