"Namespace","Function","CallCount","Files","FirstFile","FirstLine"
"AGS","AGS_Annihilation_AreOnlyValidSquads","2","1","conditions/ags_annihilation.scar","159"
"AGS","AGS_Annihilation_CheckAnnihilation","4","1","conditions/ags_annihilation.scar","100"
"AGS","AGS_Annihilation_CreateObjective","2","1","conditions/ags_annihilation.scar","52"
"AGS","AGS_Annihilation_DefineCheapestSquads","2","1","conditions/ags_annihilation.scar","43"
"AGS","AGS_Annihilation_Eliminate","2","1","conditions/ags_annihilation.scar","142"
"AGS","AGS_Annihilation_IsAbleToProduce","2","1","conditions/ags_annihilation.scar","163"
"AGS","AGS_Annihilation_OnConstructionComplete","1","1","conditions/ags_annihilation.scar","116"
"AGS","AGS_Annihilation_OnDamageReceived","1","1","conditions/ags_annihilation.scar","97"
"AGS","AGS_Annihilation_OnEntityKilled","1","1","conditions/ags_annihilation.scar","104"
"AGS","AGS_Annihilation_OnGameOver","1","1","conditions/ags_annihilation.scar","84"
"AGS","AGS_Annihilation_OnLandmarkDestroyed","1","1","conditions/ags_annihilation.scar","110"
"AGS","AGS_Annihilation_OnObjectiveToggle","1","1","conditions/ags_annihilation.scar","77"
"AGS","AGS_Annihilation_OnPlay","1","1","conditions/ags_annihilation.scar","46"
"AGS","AGS_Annihilation_OnPlayerDefeated","1","1","conditions/ags_annihilation.scar","65"
"AGS","AGS_Annihilation_PlayerCanReceiveTribute","2","1","conditions/ags_annihilation.scar","222"
"AGS","AGS_Annihilation_PresetFinalize","1","1","conditions/ags_annihilation.scar","41"
"AGS","AGS_Annihilation_RemoveObjective","2","1","conditions/ags_annihilation.scar","90"
"AGS","AGS_Annihilation_TreatyEnded","1","1","conditions/ags_annihilation.scar","60"
"AGS","AGS_Annihilation_TreatyStarted","1","1","conditions/ags_annihilation.scar","55"
"AGS","AGS_Annihilation_UpdateModuleSettings","1","1","conditions/ags_annihilation.scar","34"
"AGS","AGS_ApplyUpgrade","5","2","gameplay/ags_starting_age.scar","42"
"AGS","AGS_AutoPop_BuildForbiddenBPSet","3","2","debug/cba_debug_autopop.scar","269"
"AGS","AGS_AutoPop_OnConstructionComplete","1","1","gameplay/ags_auto_population.scar","250"
"AGS","AGS_AutoPop_OnEntityKilled","1","1","gameplay/ags_auto_population.scar","265"
"AGS","AGS_AutoPop_RunDeferredReconcile","1","1","gameplay/ags_auto_population.scar","242"
"AGS","AGS_AutoPop_ScheduleDeferredReconcile","3","1","gameplay/ags_auto_population.scar","234"
"AGS","AGS_AutoPopulationStart","2","1","gameplay/ags_auto_population.scar","48"
"AGS","AGS_AutoResources","1","1","gameplay/ags_auto_resources.scar","35"
"AGS","AGS_AutoResources_PresetFinalize","1","1","gameplay/ags_auto_resources.scar","24"
"AGS","AGS_AutoResources_UpdateModuleSettings","1","1","gameplay/ags_auto_resources.scar","18"
"AGS","AGS_CalculateCenterOffset","1","1","helpers/ags_blueprints.scar","2676"
"AGS","AGS_CivTableHasExplicitFalse","16","4","cba.scar","3285"
"AGS","AGS_CompleteUpgradeSafe","3","3","helpers/ags_blueprints.scar","2601"
"AGS","AGS_Conditions_CheckVictory","4","4","conditions/ags_annihilation.scar","69"
"AGS","AGS_Conditions_IsAnyHumanAlive","1","1","conditions/ags_surrender.scar","96"
"AGS","AGS_Conquest_GetPlayerConquerableCount","1","1","specials/ags_utilities.scar","103"
"AGS","AGS_Contains","2","1","helpers/ags_blueprints.scar","2713"
"AGS","AGS_CountItems","1","1","helpers/ags_blueprints.scar","2622"
"AGS","AGS_DockHouse_AddMaxCapPopulation","1","1","gameplay/ags_siege_house.scar","88"
"AGS","AGS_DockHouse_AddMinPopulation","2","1","gameplay/ags_siege_house.scar","58"
"AGS","AGS_DockHouse_GameOver","1","1","gameplay/ags_siege_house.scar","29"
"AGS","AGS_DockHouse_IsDock","3","1","gameplay/ags_siege_house.scar","38"
"AGS","AGS_DockHouse_OnConstructionComplete","1","1","gameplay/ags_siege_house.scar","42"
"AGS","AGS_DockHouse_OnEntityKilled","1","1","gameplay/ags_siege_house.scar","62"
"AGS","AGS_DockHouse_OnPlay","1","1","gameplay/ags_siege_house.scar","23"
"AGS","AGS_DockHouse_RemoveMaxCapPopulation","1","1","gameplay/ags_siege_house.scar","95"
"AGS","AGS_DockHouse_RemoveMinPopulation","2","1","gameplay/ags_siege_house.scar","83"
"AGS","AGS_DockHouse_UpdateModuleSettings","1","1","gameplay/ags_siege_house.scar","16"
"AGS","AGS_EGroupName","1","1","helpers/ags_blueprints.scar","2496"
"AGS","AGS_EGroupNeutralName","1","1","helpers/ags_blueprints.scar","2504"
"AGS","AGS_Elimination_CreateObjective","1","1","conditions/ags_elimination.scar","47"
"AGS","AGS_Elimination_OnPlayerAITakeover","1","1","conditions/ags_elimination.scar","30"
"AGS","AGS_Elimination_OnPlayerDefeated","1","1","conditions/ags_elimination.scar","60"
"AGS","AGS_Elimination_RemoveObjective","1","1","conditions/ags_elimination.scar","81"
"AGS","AGS_Elimination_UpdateModuleSettings","1","1","conditions/ags_elimination.scar","23"
"AGS","AGS_EndGame","1","1","conditions/ags_surrender.scar","97"
"AGS","AGS_GameRates_ApplyBonus","3","1","gameplay/ags_game_rates.scar","29"
"AGS","AGS_GameRates_ApplyModifier","2","1","gameplay/ags_game_rates.scar","43"
"AGS","AGS_GameRates_PresetFinalize","1","1","gameplay/ags_game_rates.scar","27"
"AGS","AGS_GameRates_UpdateModuleSettings","1","1","gameplay/ags_game_rates.scar","20"
"AGS","AGS_GatherRates_ApplyBonus","3","1","gameplay/ags_gather_rates.scar","28"
"AGS","AGS_GatherRates_ApplyModifier","5","1","gameplay/ags_gather_rates.scar","41"
"AGS","AGS_GatherRates_PresetFinalize","1","1","gameplay/ags_gather_rates.scar","26"
"AGS","AGS_GatherRates_UpdateModuleSettings","1","1","gameplay/ags_gather_rates.scar","19"
"AGS","AGS_GetCivilizationEntity","42","10","cba.scar","991"
"AGS","AGS_GetCivilizationUnit","8","6","gameplay/cba_options.scar","843"
"AGS","AGS_GetCivilizationUpgrade","7","5","debug/cba_debug_inspectors.scar","77"
"AGS","AGS_GetFreeItems","1","1","helpers/ags_blueprints.scar","2722"
"AGS","AGS_GetNeutralEntity","1","1","helpers/ags_blueprints.scar","2488"
"AGS","AGS_GetNeutralUnit","1","1","helpers/ags_blueprints.scar","2492"
"AGS","AGS_GetRelation","4","2","conditions/ags_wonder.scar","91"
"AGS","AGS_GetSiegeEntity","13","4","debug/cba_debug_inspectors.scar","1454"
"AGS","AGS_GetSiegeUnit","24","5","cba.scar","1207"
"AGS","AGS_GlobalSettings_CBA_Rewards","2","1","ags_global_settings.scar","577"
"AGS","AGS_GlobalSettings_DefineCbaSettings","2","1","ags_global_settings.scar","286"
"AGS","AGS_GlobalSettings_DefineGameConditions","8","1","ags_global_settings.scar","246"
"AGS","AGS_GlobalSettings_DefineGameSettings","2","1","ags_global_settings.scar","261"
"AGS","AGS_GlobalSettings_DefineHandicapSettings","2","1","ags_global_settings.scar","281"
"AGS","AGS_GlobalSettings_DefineLegacySettings","2","1","ags_global_settings.scar","275"
"AGS","AGS_GlobalSettings_DefineMatchSettings","2","1","ags_global_settings.scar","268"
"AGS","AGS_GlobalSettings_DefinePlayerSettings","2","1","ags_global_settings.scar","254"
"AGS","AGS_GlobalSettings_DefineRestrictionSettings","2","1","ags_global_settings.scar","291"
"AGS","AGS_GlobalSettings_DefineWinConditions","2","1","ags_global_settings.scar","242"
"AGS","AGS_GlobalSettings_DefineWinSettings","2","1","ags_global_settings.scar","250"
"AGS","AGS_GlobalSettings_EarlyInitializations","1","1","ags_global_settings.scar","301"
"AGS","AGS_GlobalSettings_OnGameOver","1","1","ags_global_settings.scar","307"
"AGS","AGS_GlobalSettings_OnLocalPlayerChanged","2","1","ags_global_settings.scar","303"
"AGS","AGS_GlobalSettings_RetrieveSlotHandicap","9","1","ags_global_settings.scar","1017"
"AGS","AGS_GlobalSettings_SetAutoAge","2","1","ags_global_settings.scar","459"
"AGS","AGS_GlobalSettings_SetEndingAge","2","1","ags_global_settings.scar","440"
"AGS","AGS_GlobalSettings_SetGameRates","2","1","ags_global_settings.scar","560"
"AGS","AGS_GlobalSettings_SetGatherRates","2","1","ags_global_settings.scar","563"
"AGS","AGS_GlobalSettings_SetHandicapType","2","1","ags_global_settings.scar","569"
"AGS","AGS_GlobalSettings_SetMaintainTeamBalance","2","1","ags_global_settings.scar","376"
"AGS","AGS_GlobalSettings_SetMapVision","2","1","ags_global_settings.scar","434"
"AGS","AGS_GlobalSettings_SetMaximumMedicPopulation","3","1","ags_global_settings.scar","517"
"AGS","AGS_GlobalSettings_SetMaximumPopulation","2","1","ags_global_settings.scar","509"
"AGS","AGS_GlobalSettings_SetMaximumProductionBuildings","1","1","ags_global_settings.scar","1376"
"AGS","AGS_GlobalSettings_SetMaximumSiegeWorkshop","1","1","ags_global_settings.scar","1400"
"AGS","AGS_GlobalSettings_SetMinimumPopulation","2","1","ags_global_settings.scar","505"
"AGS","AGS_GlobalSettings_SetPopulationinterval","2","1","ags_global_settings.scar","513"
"AGS","AGS_GlobalSettings_SetReligiousTimer","2","1","ags_global_settings.scar","401"
"AGS","AGS_GlobalSettings_SetScoreTimer","2","1","ags_global_settings.scar","416"
"AGS","AGS_GlobalSettings_SetSettlement","2","1","ags_global_settings.scar","357"
"AGS","AGS_GlobalSettings_SetSimulationSpeed","2","1","ags_global_settings.scar","554"
"AGS","AGS_GlobalSettings_SetSlotHandicaps","2","1","ags_global_settings.scar","571"
"AGS","AGS_GlobalSettings_SetStartingAge","2","1","ags_global_settings.scar","437"
"AGS","AGS_GlobalSettings_SetStartingKeeps","2","1","ags_global_settings.scar","482"
"AGS","AGS_GlobalSettings_SetStartingKings","2","1","ags_global_settings.scar","542"
"AGS","AGS_GlobalSettings_SetStartingResources","2","1","ags_global_settings.scar","446"
"AGS","AGS_GlobalSettings_SetStartingVillagers","2","1","ags_global_settings.scar","479"
"AGS","AGS_GlobalSettings_SetTeamVictory","2","1","ags_global_settings.scar","365"
"AGS","AGS_GlobalSettings_SetTeamVision","2","1","ags_global_settings.scar","431"
"AGS","AGS_GlobalSettings_SetTechnologyAge","2","1","ags_global_settings.scar","443"
"AGS","AGS_GlobalSettings_SetTownCenterRestricts","2","1","ags_global_settings.scar","491"
"AGS","AGS_GlobalSettings_SetTreaty","2","1","ags_global_settings.scar","361"
"AGS","AGS_GlobalSettings_SetTreatyTimer","2","1","ags_global_settings.scar","362"
"AGS","AGS_GlobalSettings_SetUnitRates","2","1","ags_global_settings.scar","557"
"AGS","AGS_GlobalSettings_SetupSettings","1","1","ags_global_settings.scar","233"
"AGS","AGS_GlobalSettings_SetWonderScaleCost","2","1","ags_global_settings.scar","413"
"AGS","AGS_GlobalSettings_SetWonderTimer","2","1","ags_global_settings.scar","407"
"AGS","AGS_Handicaps_AddModifier","4","1","gameplay/ags_handicaps.scar","93"
"AGS","AGS_Handicaps_ApplyMilitaryBonus","3","1","gameplay/ags_handicaps.scar","57"
"AGS","AGS_Handicaps_ApplyModifier","12","1","gameplay/ags_handicaps.scar","70"
"AGS","AGS_Handicaps_ApplyPerPlayer","2","1","gameplay/ags_handicaps.scar","39"
"AGS","AGS_Handicaps_ApplyWorkerBonus","2","1","gameplay/ags_handicaps.scar","53"
"AGS","AGS_Handicaps_CreateListFrom","2","1","gameplay/ags_handicaps.scar","47"
"AGS","AGS_Handicaps_PresetFinalize","1","1","gameplay/ags_handicaps.scar","37"
"AGS","AGS_Handicaps_ToRaw","9","1","gameplay/ags_handicaps.scar","115"
"AGS","AGS_Handicaps_UpdateModuleSettings","1","1","gameplay/ags_handicaps.scar","30"
"AGS","AGS_IncreasePopulation","1","1","gameplay/ags_auto_population.scar","104"
"AGS","AGS_IsACapital","4","2","cba.scar","3175"
"AGS","AGS_IsAKeep","1","1","helpers/ags_blueprints.scar","2641"
"AGS","AGS_IsALandmark","1","1","helpers/ags_blueprints.scar","2633"
"AGS","AGS_IsATownCenter","2","2","cba.scar","3358"
"AGS","AGS_IsAWonder","4","2","conditions/ags_wonder.scar","142"
"AGS","AGS_IsLocalGame","1","1","helpers/ags_blueprints.scar","2655"
"AGS","AGS_IsMutualRelation","7","3","conditions/ags_annihilation.scar","299"
"AGS","AGS_IsSBPOfTypeSafe","21","3","cba.scar","1223"
"AGS","AGS_IsThisSpecialMobileBuildingDead","2","2","conditions/ags_annihilation.scar","230"
"AGS","AGS_LimitsUI_AnimProgress","3","1","gameplay/ags_limits_ui.scar","351"
"AGS","AGS_LimitsUI_AnimTick","1","1","gameplay/ags_limits_ui.scar","574"
"AGS","AGS_LimitsUI_ApplyMargin","1","1","gameplay/ags_limits_ui.scar","692"
"AGS","AGS_LimitsUI_BlendARGB","2","1","gameplay/ags_limits_ui.scar","389"
"AGS","AGS_LimitsUI_BlendRGB","2","1","gameplay/ags_limits_ui.scar","373"
"AGS","AGS_LimitsUI_BoostARGB","2","1","gameplay/ags_limits_ui.scar","622"
"AGS","AGS_LimitsUI_BoostRGB","2","1","gameplay/ags_limits_ui.scar","621"
"AGS","AGS_LimitsUI_BuildSnapshot","2","1","gameplay/ags_limits_ui.scar","408"
"AGS","AGS_LimitsUI_Clamp01","6","1","gameplay/ags_limits_ui.scar","345"
"AGS","AGS_LimitsUI_ClampByte","15","1","gameplay/ags_limits_ui.scar","335"
"AGS","AGS_LimitsUI_CreateAndUpdateUI","3","1","gameplay/ags_limits_ui.scar","229"
"AGS","AGS_LimitsUI_CreateUI","3","1","gameplay/ags_limits_ui.scar","733"
"AGS","AGS_LimitsUI_DeferUpdate","9","2","gameplay/ags_limits_ui.scar","267"
"AGS","AGS_LimitsUI_EarlyInitializations","1","1","gameplay/ags_limits_ui.scar","215"
"AGS","AGS_LimitsUI_GetColors","2","1","gameplay/ags_limits_ui.scar","312"
"AGS","AGS_LimitsUI_HexToByte","22","1","gameplay/ags_limits_ui.scar","331"
"AGS","AGS_LimitsUI_Lerp","8","1","gameplay/ags_limits_ui.scar","341"
"AGS","AGS_LimitsUI_LogRecreate","2","1","gameplay/ags_limits_ui.scar","420"
"AGS","AGS_LimitsUI_OnBuildItemComplete","1","1","gameplay/ags_limits_ui.scar","294"
"AGS","AGS_LimitsUI_OnConstructionComplete","1","1","gameplay/ags_limits_ui.scar","290"
"AGS","AGS_LimitsUI_OnEntityKilled","1","1","gameplay/ags_limits_ui.scar","298"
"AGS","AGS_LimitsUI_OnGameOver","1","1","gameplay/ags_limits_ui.scar","249"
"AGS","AGS_LimitsUI_OnGameRestore","1","1","gameplay/ags_limits_ui.scar","243"
"AGS","AGS_LimitsUI_OnPlay","1","1","gameplay/ags_limits_ui.scar","219"
"AGS","AGS_LimitsUI_OnPlayerDefeated","1","1","gameplay/ags_limits_ui.scar","262"
"AGS","AGS_LimitsUI_OnSquadKilled","1","1","gameplay/ags_limits_ui.scar","302"
"AGS","AGS_LimitsUI_RecreateUI","2","1","gameplay/ags_limits_ui.scar","560"
"AGS","AGS_LimitsUI_ShouldTraceUpdateFlow","4","1","gameplay/ags_limits_ui.scar","53"
"AGS","AGS_LimitsUI_Show","3","1","gameplay/ags_limits_ui.scar","251"
"AGS","AGS_LimitsUI_Update","7","2","gameplay/ags_limits_ui.scar","441"
"AGS","AGS_LimitsUI_UpdateModuleSettings","1","1","gameplay/ags_limits_ui.scar","202"
"AGS","AGS_MatchUI_CreateAndUpdateUI","3","1","specials/ags_match_ui.scar","60"
"AGS","AGS_MatchUI_CreateDataContext","2","1","specials/ags_match_ui.scar","55"
"AGS","AGS_MatchUI_CreateUI","2","1","specials/ags_match_ui.scar","112"
"AGS","AGS_MatchUI_EarlyInitializations","1","1","specials/ags_match_ui.scar","53"
"AGS","AGS_MatchUI_HideDropdown","1","1","specials/ags_match_ui.scar","372"
"AGS","AGS_MatchUI_OnGameOver","1","1","specials/ags_match_ui.scar","69"
"AGS","AGS_MatchUI_OnGameRestore","1","1","specials/ags_match_ui.scar","63"
"AGS","AGS_MatchUI_OnPlay","1","1","specials/ags_match_ui.scar","58"
"AGS","AGS_MatchUI_OnPlayerDefeated","1","1","specials/ags_match_ui.scar","74"
"AGS","AGS_MatchUI_Show","3","1","specials/ags_match_ui.scar","71"
"AGS","AGS_MatchUI_ToggleDropdown","2","1","specials/ags_match_ui.scar","361"
"AGS","AGS_MatchUI_ToggleObjectives","1","1","specials/ags_match_ui.scar","378"
"AGS","AGS_MatchUI_Update","1","1","specials/ags_match_ui.scar","94"
"AGS","AGS_MatchUI_UpdateModuleSettings","1","1","specials/ags_match_ui.scar","46"
"AGS","AGS_MedicPopulationCapacity_ApplyMaxCapMedicPopulation","2","1","gameplay/ags_population_capacity.scar","92"
"AGS","AGS_MedicPopulationCapacity_ApplyMinMedicPopulation","2","1","gameplay/ags_population_capacity.scar","99"
"AGS","AGS_MedicPopulationCapacity_Change","1","1","gameplay/ags_population_capacity.scar","90"
"AGS","AGS_MedicPopulationCapacity_PresetFinalize","1","1","gameplay/ags_population_capacity.scar","50"
"AGS","AGS_MedicPopulationCapacity_SetMinMedicPopulation","2","1","gameplay/ags_population_capacity.scar","93"
"AGS","AGS_MedicPopulationCapacity_UpdateModuleSettings","1","1","gameplay/ags_population_capacity.scar","43"
"AGS","AGS_NoArsenal_Lock","2","1","gameplay/ags_no_dock.scar","79"
"AGS","AGS_NoArsenal_PresetFinalize","1","1","gameplay/ags_no_dock.scar","77"
"AGS","AGS_NoArsenal_UpdateModuleSettings","1","1","gameplay/ags_no_dock.scar","70"
"AGS","AGS_NoDock_Lock","2","1","gameplay/ags_no_dock.scar","35"
"AGS","AGS_NoDock_PresetFinalize","1","1","gameplay/ags_no_dock.scar","33"
"AGS","AGS_NoDock_UpdateModuleSettings","1","1","gameplay/ags_no_dock.scar","26"
"AGS","AGS_NoSiege_Lock","2","1","gameplay/ags_no_dock.scar","65"
"AGS","AGS_NoSiege_PresetFinalize","1","1","gameplay/ags_no_dock.scar","63"
"AGS","AGS_NoSiege_UpdateModuleSettings","1","1","gameplay/ags_no_dock.scar","56"
"AGS","AGS_Notifications_CountdownNotification","1","1","conditions/ags_wonder.scar","524"
"AGS","AGS_Notifications_Damaged","1","1","conditions/ags_wonder.scar","165"
"AGS","AGS_Notifications_Destroyed","1","1","conditions/ags_wonder.scar","246"
"AGS","AGS_Notifications_Eliminated","4","4","conditions/ags_annihilation.scar","68"
"AGS","AGS_Notifications_ObjectiveAction","1","1","conditions/ags_wonder.scar","206"
"AGS","AGS_NoWall_Lock","2","1","gameplay/ags_no_dock.scar","50"
"AGS","AGS_NoWall_PresetFinalize","1","1","gameplay/ags_no_dock.scar","48"
"AGS","AGS_NoWall_UpdateModuleSettings","1","1","gameplay/ags_no_dock.scar","41"
"AGS","AGS_Objectives_Create","7","4","conditions/ags_annihilation.scar","134"
"AGS","AGS_Objectives_CreateFromCore","3","1","conditions/ags_wonder.scar","307"
"AGS","AGS_Objectives_Present","3","1","conditions/ags_wonder.scar","372"
"AGS","AGS_Objectives_PresentWrap","5","2","conditions/ags_annihilation.scar","70"
"AGS","AGS_Objectives_Progress","1","1","conditions/ags_wonder.scar","337"
"AGS","AGS_Objectives_Set","16","4","conditions/ags_annihilation.scar","80"
"AGS","AGS_Objectives_SetTitle","1","1","conditions/ags_wonder.scar","102"
"AGS","AGS_Pilgrims_GetScatterPosition","1","1","helpers/ags_starts.scar","41"
"AGS","AGS_PopulationAutomatic_ApplyStartCaps","3","1","gameplay/ags_auto_population.scar","54"
"AGS","AGS_PopulationAutomatic_CompensateInnate","1","1","gameplay/ags_auto_population.scar","65"
"AGS","AGS_PopulationAutomatic_EarlyInitializations","1","1","gameplay/ags_auto_population.scar","46"
"AGS","AGS_PopulationAutomatic_NormalizeStartCap","2","1","gameplay/ags_auto_population.scar","82"
"AGS","AGS_PopulationAutomatic_PresetFinalize","1","1","gameplay/ags_auto_population.scar","52"
"AGS","AGS_PopulationAutomatic_ReconcileCapDrift","6","4","cba.scar","4049"
"AGS","AGS_PopulationAutomatic_UpdateModuleSettings","1","1","gameplay/ags_auto_population.scar","38"
"AGS","AGS_PopulationCapacity_AdjustSettings","1","1","gameplay/ags_population_capacity.scar","28"
"AGS","AGS_PopulationCapacity_ApplyMaxCapPopulation","2","1","gameplay/ags_population_capacity.scar","62"
"AGS","AGS_PopulationCapacity_ApplyMinPopulation","2","1","gameplay/ags_population_capacity.scar","76"
"AGS","AGS_PopulationCapacity_Change","2","1","gameplay/ags_population_capacity.scar","37"
"AGS","AGS_PopulationCapacity_PresetFinalize","1","1","gameplay/ags_population_capacity.scar","35"
"AGS","AGS_PopulationCapacity_SetMinPopulation","2","1","gameplay/ags_population_capacity.scar","63"
"AGS","AGS_PopulationCapacity_UpdateModuleSettings","1","1","gameplay/ags_population_capacity.scar","21"
"AGS","AGS_Print","148","30","ags_global_settings.scar","234"
"AGS","AGS_Religious_CountSitesControlled","1","1","specials/ags_utilities.scar","99"
"AGS","AGS_RemoveUpgrade","1","1","helpers/ags_blueprints.scar","2669"
"AGS","AGS_RevealFowOnElimination_OnPlayerDefeated","1","1","gameplay/ags_reveal_fow_on_elimination.scar","25"
"AGS","AGS_RevealFowOnElimination_Reveal","2","1","gameplay/ags_reveal_fow_on_elimination.scar","27"
"AGS","AGS_RevealFowOnElimination_UpdateModuleSettings","1","1","gameplay/ags_reveal_fow_on_elimination.scar","18"
"AGS","AGS_Scattered_AdjustSettings","1","1","startconditions/ags_start_scattered.scar","23"
"AGS","AGS_Scattered_CreateSpawn","2","1","startconditions/ags_start_scattered.scar","53"
"AGS","AGS_Scattered_DestroySpawn","2","1","startconditions/ags_start_scattered.scar","40"
"AGS","AGS_Scattered_EarlyInitializations","1","1","startconditions/ags_start_scattered.scar","37"
"AGS","AGS_Scattered_GetScatterPosition","3","2","helpers/ags_starts.scar","35"
"AGS","AGS_Scattered_OnStarting","1","1","startconditions/ags_start_scattered.scar","56"
"AGS","AGS_Scattered_PresetExecute","1","1","startconditions/ags_start_scattered.scar","51"
"AGS","AGS_Scattered_PresetInitialize","1","1","startconditions/ags_start_scattered.scar","44"
"AGS","AGS_Scattered_UpdateModuleSettings","1","1","startconditions/ags_start_scattered.scar","30"
"AGS","AGS_SetEntityProductionAvailabilitySafe","34","7","cba.scar","1230"
"AGS","AGS_SetPlayerDefeated","4","4","conditions/ags_annihilation.scar","143"
"AGS","AGS_SetPlayerGroupDefeated","1","1","conditions/ags_wonder.scar","443"
"AGS","AGS_SetSquadProductionAvailabilitySafe","19","4","cba.scar","1207"
"AGS","AGS_SGroupName","3","3","helpers/ags_blueprints.scar","2500"
"AGS","AGS_SpawnEntity","1","1","helpers/ags_blueprints.scar","2509"
"AGS","AGS_SpawnSquad","2","2","helpers/ags_blueprints.scar","2542"
"AGS","AGS_SpecialPopulationUI_CreateAndUpdateUI","3","1","gameplay/ags_special_population_ui.scar","49"
"AGS","AGS_SpecialPopulationUI_CreateDataContext","2","1","gameplay/ags_special_population_ui.scar","43"
"AGS","AGS_SpecialPopulationUI_CreateUI","2","1","gameplay/ags_special_population_ui.scar","152"
"AGS","AGS_SpecialPopulationUI_EarlyInitializations","1","1","gameplay/ags_special_population_ui.scar","41"
"AGS","AGS_SpecialPopulationUI_MarginError","2","1","gameplay/ags_special_population_ui.scar","113"
"AGS","AGS_SpecialPopulationUI_OnBuildItemComplete","1","1","gameplay/ags_special_population_ui.scar","85"
"AGS","AGS_SpecialPopulationUI_OnConstructionComplete","1","1","gameplay/ags_special_population_ui.scar","82"
"AGS","AGS_SpecialPopulationUI_OnEntityKilled","1","1","gameplay/ags_special_population_ui.scar","88"
"AGS","AGS_SpecialPopulationUI_OnGameOver","1","1","gameplay/ags_special_population_ui.scar","62"
"AGS","AGS_SpecialPopulationUI_OnGameRestore","1","1","gameplay/ags_special_population_ui.scar","56"
"AGS","AGS_SpecialPopulationUI_OnPlay","1","1","gameplay/ags_special_population_ui.scar","46"
"AGS","AGS_SpecialPopulationUI_OnPlayerDefeated","1","1","gameplay/ags_special_population_ui.scar","71"
"AGS","AGS_SpecialPopulationUI_OnSquadKilled","1","1","gameplay/ags_special_population_ui.scar","91"
"AGS","AGS_SpecialPopulationUI_Show","3","1","gameplay/ags_special_population_ui.scar","64"
"AGS","AGS_SpecialPopulationUI_Update","6","1","gameplay/ags_special_population_ui.scar","83"
"AGS","AGS_SpecialPopulationUI_UpdateModuleSettings","1","1","gameplay/ags_special_population_ui.scar","34"
"AGS","AGS_StartingAge_LateInitializations","1","1","gameplay/ags_starting_age.scar","25"
"AGS","AGS_StartingAge_UpdateModuleSettings","1","1","gameplay/ags_starting_age.scar","18"
"AGS","AGS_StartingAge_UpgradeAllPlayers","2","1","gameplay/ags_starting_age.scar","27"
"AGS","AGS_StartingAge_UpgradePlayer","2","1","gameplay/ags_starting_age.scar","36"
"AGS","AGS_Starts_GetStartPosition","1","1","helpers/ags_starts.scar","15"
"AGS","AGS_Surrender_CheckAI","2","1","conditions/ags_surrender.scar","63"
"AGS","AGS_Surrender_Notify","1","1","conditions/ags_surrender.scar","84"
"AGS","AGS_Surrender_OnPlay","1","1","conditions/ags_surrender.scar","30"
"AGS","AGS_Surrender_OnPlayerDefeated","1","1","conditions/ags_surrender.scar","53"
"AGS","AGS_Surrender_OnSurrenderMatchRequested","1","1","conditions/ags_surrender.scar","47"
"AGS","AGS_Surrender_RemoveObjective","1","1","conditions/ags_surrender.scar","77"
"AGS","AGS_Surrender_UpdateModuleSettings","1","1","conditions/ags_surrender.scar","23"
"AGS","AGS_TeamBalance_IncreaseCapPopulation","2","1","gameplay/ags_team_balance.scar","114"
"AGS","AGS_TeamBalance_IncreaseMaxCapPopulation","2","1","gameplay/ags_team_balance.scar","113"
"AGS","AGS_TeamBalance_OnPlayerDefeated","1","1","gameplay/ags_team_balance.scar","32"
"AGS","AGS_TeamBalance_UpdateAllLimits","2","1","gameplay/ags_team_balance.scar","73"
"AGS","AGS_TeamBalance_UpdateAutoRates","2","1","gameplay/ags_team_balance.scar","88"
"AGS","AGS_TeamBalance_UpdateModuleSettings","1","1","gameplay/ags_team_balance.scar","25"
"AGS","AGS_TeamBalance_UpdateTeam","3","2","gameplay/ags_team_balance.scar","34"
"AGS","AGS_TeamBalance_UpdateTeamMedicPopulation","1","1","gameplay/ags_team_balance.scar","125"
"AGS","AGS_TeamBalance_UpdateTeamPopulation","2","1","gameplay/ags_team_balance.scar","61"
"AGS","AGS_TeamBalance_UpdateTeamResources","2","1","gameplay/ags_team_balance.scar","68"
"AGS","AGS_Teams_AreTeamVictoryEligible","2","1","helpers/ags_teams.scar","265"
"AGS","AGS_Teams_CountAliveAllies","2","1","helpers/ags_teams.scar","165"
"AGS","AGS_Teams_CountAliveInGroup","4","1","helpers/ags_teams.scar","122"
"AGS","AGS_Teams_CountAlivePlayers","4","1","helpers/ags_teams.scar","133"
"AGS","AGS_Teams_CreateFFA","2","1","helpers/ags_teams.scar","53"
"AGS","AGS_Teams_CreateInitialTeams","2","1","helpers/ags_teams.scar","22"
"AGS","AGS_Teams_CreateStaticTeams","2","1","helpers/ags_teams.scar","50"
"AGS","AGS_Teams_DoesWinnerGroupExists","1","1","helpers/ags_teams.scar","106"
"AGS","AGS_Teams_EarlyInitializations","1","1","helpers/ags_teams.scar","19"
"AGS","AGS_Teams_GetAllCurrentOpponents","2","2","conditions/ags_wonder.scar","440"
"AGS","AGS_Teams_GetAllCurrentTeammates","1","1","helpers/ags_teams.scar","240"
"AGS","AGS_Teams_GetAllMutualFriendshipPlayers","1","1","helpers/ags_teams.scar","199"
"AGS","AGS_Teams_GetDynamicTeamWinners","2","1","helpers/ags_teams.scar","115"
"AGS","AGS_Teams_GetSoloTeamWinner","2","1","helpers/ags_teams.scar","109"
"AGS","AGS_Teams_GetStaticTeamAliveMembers","3","2","gameplay/ags_team_balance.scar","43"
"AGS","AGS_Teams_GetStaticTeamWinnders","2","1","helpers/ags_teams.scar","112"
"AGS","AGS_Teams_IsTeamAlive","1","1","helpers/ags_teams.scar","120"
"AGS","AGS_Teams_IsTeamVictoryEligible","2","2","helpers/ags_blueprints.scar","2706"
"AGS","AGS_Teams_OnPlayerDefeated","1","1","helpers/ags_teams.scar","25"
"AGS","AGS_Testing_HasCommandLineOption","1","1","specials/ags_testing.scar","49"
"AGS","AGS_Testing_OnPlay","1","1","specials/ags_testing.scar","25"
"AGS","AGS_Testing_RemoveGaia","1","1","specials/ags_testing.scar","35"
"AGS","AGS_Testing_RemoveUnits","1","1","specials/ags_testing.scar","43"
"AGS","AGS_Testing_SpawnTest","1","1","specials/ags_testing.scar","53"
"AGS","AGS_Testing_UpdateModuleSettings","1","1","specials/ags_testing.scar","18"
"AGS","AGS_Toggle_EconBuildings","2","1","gameplay/ags_auto_resources.scar","27"
"AGS","AGS_TreeBombardment_DestroyTreeGroup","3","1","gameplay/ags_tree_bombardment.scar","93"
"AGS","AGS_TreeBombardment_OnExpectedLanding","2","1","gameplay/ags_tree_bombardment.scar","78"
"AGS","AGS_TreeBombardment_OnGameOver","1","1","gameplay/ags_tree_bombardment.scar","50"
"AGS","AGS_TreeBombardment_OnProjectileFired","1","1","gameplay/ags_tree_bombardment.scar","60"
"AGS","AGS_TreeBombardment_OnProjectileLanded","1","1","gameplay/ags_tree_bombardment.scar","72"
"AGS","AGS_TreeBombardment_PrepareStart","1","1","gameplay/ags_tree_bombardment.scar","44"
"AGS","AGS_TreeBombardment_UpdateModuleSettings","1","1","gameplay/ags_tree_bombardment.scar","37"
"AGS","AGS_UnitRates_ApplyBonus","3","1","gameplay/ags_unit_rates.scar","28"
"AGS","AGS_UnitRates_ApplyModifier","2","1","gameplay/ags_unit_rates.scar","41"
"AGS","AGS_UnitRates_PresetFinalize","1","1","gameplay/ags_unit_rates.scar","26"
"AGS","AGS_UnitRates_UpdateModuleSettings","1","1","gameplay/ags_unit_rates.scar","19"
"AGS","AGS_Utilities_AdjustSettings","1","1","specials/ags_utilities.scar","73"
"AGS","AGS_Utilities_LateInitializations","1","1","specials/ags_utilities.scar","79"
"AGS","AGS_Utilities_OnPlay","1","1","specials/ags_utilities.scar","84"
"AGS","AGS_Utilities_StandardReplay","2","1","specials/ags_utilities.scar","81"
"AGS","AGS_Utilities_StandardReplayCallbacks","2","1","specials/ags_utilities.scar","86"
"AGS","AGS_Utilities_UpdateModuleSettings","1","1","specials/ags_utilities.scar","66"
"AGS","AGS_WarnNilBlueprint","10","2","cba.scar","1222"
"AGS","AGS_Wonder_CleanWonder","3","1","conditions/ags_wonder.scar","78"
"AGS","AGS_Wonder_Construction","3","1","conditions/ags_wonder.scar","169"
"AGS","AGS_Wonder_ConstructionCompleted","1","1","conditions/ags_wonder.scar","209"
"AGS","AGS_Wonder_ConstructionStarted","1","1","conditions/ags_wonder.scar","201"
"AGS","AGS_Wonder_CreateBuildObjective","3","1","conditions/ags_wonder.scar","54"
"AGS","AGS_Wonder_CreateTimerNotifications","2","1","conditions/ags_wonder.scar","383"
"AGS","AGS_Wonder_CreateTimerObjective","2","1","conditions/ags_wonder.scar","303"
"AGS","AGS_Wonder_DeactivateTimers","2","1","conditions/ags_wonder.scar","119"
"AGS","AGS_Wonder_Destroyed","2","1","conditions/ags_wonder.scar","247"
"AGS","AGS_Wonder_EnableConstruction","4","1","conditions/ags_wonder.scar","53"
"AGS","AGS_Wonder_FailTimerObjective","2","1","conditions/ags_wonder.scar","240"
"AGS","AGS_Wonder_InformNegativeProgressChange","2","1","conditions/ags_wonder.scar","405"
"AGS","AGS_Wonder_InitializeWonders","2","1","conditions/ags_wonder.scar","48"
"AGS","AGS_Wonder_OnConstructionComplete","1","1","conditions/ags_wonder.scar","172"
"AGS","AGS_Wonder_OnConstructionStart","1","1","conditions/ags_wonder.scar","168"
"AGS","AGS_Wonder_OnDamageReceived","1","1","conditions/ags_wonder.scar","132"
"AGS","AGS_Wonder_OnEntityKilled","1","1","conditions/ags_wonder.scar","215"
"AGS","AGS_Wonder_OnGameOver","1","1","conditions/ags_wonder.scar","116"
"AGS","AGS_Wonder_OnObjectiveToggle","1","1","conditions/ags_wonder.scar","109"
"AGS","AGS_Wonder_OnPlay","1","1","conditions/ags_wonder.scar","46"
"AGS","AGS_Wonder_OnPlayerDefeated","1","1","conditions/ags_wonder.scar","72"
"AGS","AGS_Wonder_OnRelationshipChanged","1","1","conditions/ags_wonder.scar","82"
"AGS","AGS_Wonder_OnTimerTick","1","1","conditions/ags_wonder.scar","251"
"AGS","AGS_Wonder_RemoveAllObjectives","2","1","conditions/ags_wonder.scar","125"
"AGS","AGS_Wonder_RemoveBuildObjective","4","1","conditions/ags_wonder.scar","299"
"AGS","AGS_Wonder_RemoveTimerObjectives","2","1","conditions/ags_wonder.scar","300"
"AGS","AGS_Wonder_ResetTimerObjective","2","1","conditions/ags_wonder.scar","364"
"AGS","AGS_Wonder_StartCountdown","2","1","conditions/ags_wonder.scar","212"
"AGS","AGS_Wonder_TimerProgressNotification","2","1","conditions/ags_wonder.scar","329"
"AGS","AGS_Wonder_TimerUpdate","2","1","conditions/ags_wonder.scar","263"
"AGS","AGS_Wonder_TreatyEnded","1","1","conditions/ags_wonder.scar","66"
"AGS","AGS_Wonder_TreatyStarted","1","1","conditions/ags_wonder.scar","59"
"AGS","AGS_Wonder_TryDeclareWinners","3","1","conditions/ags_wonder.scar","76"
"AGS","AGS_Wonder_UpdateModuleSettings","1","1","conditions/ags_wonder.scar","35"
"AGS","AGS_Wonder_UpdateTimerObjectives","2","1","conditions/ags_wonder.scar","325"
"AGS","AGS_Wonder_UpdateWonderTimer","3","1","conditions/ags_wonder.scar","257"
"AGS","AGS_Wonder_VictoryTriggered","2","1","conditions/ags_wonder.scar","258"
"AGS","AGS_Wonder_WarnEveryone","2","1","conditions/ags_wonder.scar","322"
"AI","AI_PauseCurrentTasks","2","1","debug/cba_debug_ai_behavior.scar","93"
"BP","BP_GetAbilityBlueprint","4","2","cba.scar","809"
"BP","BP_GetEntityBlueprint","19","9","cba_religious.scar","35"
"BP","BP_GetEntityBlueprintsWithType","21","6","gameplay/ags_game_rates.scar","29"
"BP","BP_GetEntityUIInfo","2","2","observerui/tracking_agingupprogress.scar","151"
"BP","BP_GetName","37","3","cba.scar","998"
"BP","BP_GetPropertyBagGroupCount","2","1","debug/cba_debug_blueprint_audit.scar","200"
"BP","BP_GetSquadBlueprint","354","10","debug/cba_debug_ai_behavior.scar","106"
"BP","BP_GetSquadBlueprints","1","1","gameplay/cba_hre_balance.scar","36"
"BP","BP_GetSquadBlueprintsWithType","2","1","gameplay/cba_options.scar","825"
"BP","BP_GetSquadUIInfo","6","2","observerui/observeruiupdateui.scar","245"
"BP","BP_GetUpgradeBlueprint","29","4","gameplay/cba_options.scar","900"
"BP","BP_GetUpgradeUIInfo","4","4","observerui/observeruiupdateui.scar","253"
"BP","BP_IsUpgradeOfType","3","3","observerui/tracking_agingupprogress.scar","66"
"Camera","Camera_MoveTo","1","1","startconditions/ags_start_scattered.scar","48"
"Core","Core_CallDelegateFunctions","32","6","cba.scar","353"
"Core","Core_GetPlayersTableEntry","55","18","ags_global_settings.scar","319"
"Core","Core_IsModuleRegistered","3","3","debug/cba_debug_inspectors.scar","1532"
"Core","Core_IsPlayerEliminated","38","9","cba_annihilation.scar","299"
"Core","Core_OnGameOver","6","4","cba_annihilation.scar","336"
"Core","Core_RegisterModule","43","39","ags_global_settings.scar","231"
"Core","Core_SetPlayerDefeated","9","7","cba_annihilation.scar","260"
"Core","Core_SetPlayerVictorious","5","4","cba_annihilation.scar","320"
"Core","Core_UnregisterModule","32","27","cba_religious.scar","149"
"Core","Core_WinnerlessGameOver","2","2","cba_annihilation.scar","337"
"Debug","Debug_AdvancedStressAll","1","1","debug/cba_debug_advanced_stress.scar","510"
"Debug","Debug_AdvStress_BlueprintStorm","2","1","debug/cba_debug_advanced_stress.scar","324"
"Debug","Debug_AdvStress_BuildingLimitOscillation","2","1","debug/cba_debug_advanced_stress.scar","177"
"Debug","Debug_AdvStress_ConcurrentThrash","2","1","debug/cba_debug_advanced_stress.scar","410"
"Debug","Debug_AdvStress_MaxPopPressure","2","1","debug/cba_debug_advanced_stress.scar","248"
"Debug","Debug_AdvStress_RapidElimination","2","1","debug/cba_debug_advanced_stress.scar","84"
"Debug","Debug_AdvStress_SiegeCascade","2","1","debug/cba_debug_advanced_stress.scar","21"
"Debug","Debug_AIBehavior","1","1","debug/cba_debug_ai_behavior.scar","567"
"Debug","Debug_AIBehavior_Scenario","1","1","debug/cba_debug_ai_behavior.scar","545"
"Debug","Debug_AIBehaviorStatus","1","1","debug/cba_debug_ai_behavior.scar","652"
"Debug","Debug_Answer","5","1","debug/cba_debug_ui_prompts.scar","321"
"Debug","Debug_AskChoice","2","1","debug/cba_debug_ui_prompts.scar","350"
"Debug","Debug_AskYesNo","30","4","debug/cba_debug_ai_behavior.scar","121"
"Debug","Debug_AutoAge_CheckSpecialUpgradeIds","1","1","debug/cba_debug_inspectors.scar","349"
"Debug","Debug_AutoPop_CheckBuildingLocks","2","1","debug/cba_debug_autopop.scar","25"
"Debug","Debug_AutoPop_CheckCapAlignment","2","1","debug/cba_debug_autopop.scar","31"
"Debug","Debug_AutoPop_CheckEventDriven","2","1","debug/cba_debug_autopop.scar","37"
"Debug","Debug_AutoPop_CheckReconcilerState","2","1","debug/cba_debug_autopop.scar","34"
"Debug","Debug_AutoPop_CheckRewardSuppression","2","1","debug/cba_debug_autopop.scar","40"
"Debug","Debug_AutoPop_CheckUpgradeLocks","2","1","debug/cba_debug_autopop.scar","28"
"Debug","Debug_AutoPop_FullValidation","3","1","debug/cba_debug_autopop.scar","17"
"Debug","Debug_AutoPop_PrintSummary","2","1","debug/cba_debug_autopop.scar","43"
"Debug","Debug_AutoPopHouseGuard","1","1","debug/cba_debug_inspectors.scar","1705"
"Debug","Debug_BlueprintAudit","1","1","debug/cba_debug_blueprint_audit.scar","14"
"Debug","Debug_BlueprintAudit_Civ","1","1","debug/cba_debug_blueprint_audit.scar","121"
"Debug","Debug_BlueprintAudit_LeaverFallback","1","1","debug/cba_debug_blueprint_audit.scar","226"
"Debug","Debug_CheckRules","2","1","debug/cba_debug_rules.scar","102"
"Debug","Debug_CheckUpgradeBlueprint","1","1","debug/cba_debug_inspectors.scar","326"
"Debug","Debug_CivOverview_Audit","2","1","debug/cba_debug_civ_overview.scar","247"
"Debug","Debug_CivOverview_Build","2","1","debug/cba_debug_civ_overview.scar","87"
"Debug","Debug_CivOverview_Civ","2","1","debug/cba_debug_civ_overview.scar","247"
"Debug","Debug_CivOverview_DumpStructured","2","1","debug/cba_debug_civ_overview.scar","247"
"Debug","Debug_CivOverview_Summary","2","1","debug/cba_debug_civ_overview.scar","247"
"Debug","Debug_ClearHooks","3","2","debug/cba_debug_advanced_stress.scar","156"
"Debug","Debug_ComprehensiveStress","1","1","debug/cba_debug_comprehensive_stress.scar","1251"
"Debug","Debug_ComprehensiveStress_Cat","1","1","debug/cba_debug_comprehensive_stress.scar","1221"
"Debug","Debug_ComprehensiveStressStatus","1","1","debug/cba_debug_comprehensive_stress.scar","1357"
"Debug","Debug_ComprehensiveStressStop","1","1","debug/cba_debug_comprehensive_stress.scar","1369"
"Debug","Debug_Confirm","2","1","debug/cba_debug_helpers.scar","419"
"Debug","Debug_ConstructionTrace","2","1","debug/cba_debug_limits_ui.scar","53"
"Debug","Debug_Continue","3","1","debug/cba_debug_core.scar","304"
"Debug","Debug_CoverageBatch","1","1","debug/cba_debug_coverage.scar","419"
"Debug","Debug_CoverageTest","2","2","debug/cba_debug_coverage.scar","363"
"Debug","Debug_DataExtract_AllBlueprints","2","1","debug/cba_debug_data_extract.scar","66"
"Debug","Debug_DataExtract_BuildingData","2","1","debug/cba_debug_data_extract.scar","166"
"Debug","Debug_DataExtract_RaceSquads","2","1","debug/cba_debug_data_extract.scar","127"
"Debug","Debug_DataExtract_Summary","1","1","debug/cba_debug_data_extract.scar","283"
"Debug","Debug_DataExtract_UnitCosts","2","1","debug/cba_debug_data_extract.scar","210"
"Debug","Debug_Demo_RewardPlayback","2","1","debug/cba_debug_helpers.scar","796"
"Debug","Debug_DependencyGraph","1","1","debug/cba_debug_registry.scar","177"
"Debug","Debug_DismissPrompt","1","1","debug/cba_debug_ui_prompts.scar","466"
"Debug","Debug_DumpBlueprintsForSuffix","1","1","debug/cba_debug_blueprint_audit.scar","180"
"Debug","Debug_EnumerateAllCivUnits","1","1","debug/cba_debug_blueprint_audit.scar","337"
"Debug","Debug_EventProbes","2","2","debug/cba_debug_event_probes.scar","180"
"Debug","Debug_FactionMapDiagnostic","1","1","debug/cba_debug_validation.scar","892"
"Debug","Debug_FireHook","3","2","debug/cba_debug_advanced_stress.scar","163"
"Debug","Debug_FocusPlayer","8","2","debug/cba_debug_advanced_stress.scar","24"
"Debug","Debug_FocusPosition","1","1","debug/cba_debug_helpers.scar","509"
"Debug","Debug_ForceAnnihilation","3","1","debug/cba_debug_leaver.scar","2941"
"Debug","Debug_ForceDisconnect","4","2","debug/cba_debug_leaver.scar","2857"
"Debug","Debug_ForceEliminatePlayer","4","2","debug/cba_debug_destructive.scar","85"
"Debug","Debug_ForceKeepDestroy","6","2","debug/cba_debug_advanced_stress.scar","120"
"Debug","Debug_ForceSurrender","4","2","debug/cba_debug_destructive.scar","125"
"Debug","Debug_ForceTransferTest","5","1","debug/cba_debug_destructive.scar","158"
"Debug","Debug_FullSystemValidation","3","1","debug/cba_debug_leaver.scar","3389"
"Debug","Debug_FullValidation","2","2","debug/cba_debug_scenario.scar","40"
"Debug","Debug_FullValidation_All","2","1","debug/cba_debug_leaver.scar","3467"
"Debug","Debug_Get_EliminationSettleState","4","1","debug/cba_debug_helpers.scar","1060"
"Debug","Debug_Get_RankingAnimKeyAudit","3","1","debug/cba_debug_helpers.scar","1163"
"Debug","Debug_Get_RankingOverview","3","1","debug/cba_debug_helpers.scar","1206"
"Debug","Debug_Get_RewardHealthSummary","3","1","debug/cba_debug_helpers.scar","933"
"Debug","Debug_Get_RewardPlaybackState","3","1","debug/cba_debug_helpers.scar","865"
"Debug","Debug_GetAllModuleManifests","1","1","debug/cba_debug_registry.scar","282"
"Debug","Debug_GetAllRules","1","1","debug/cba_debug_rules.scar","289"
"Debug","Debug_GetAllSettingSchemas","1","1","debug/cba_debug_settings.scar","201"
"Debug","Debug_GetAutoAgeState","1","1","debug/cba_debug_inspectors.scar","308"
"Debug","Debug_GetAutoAgeStatus","1","1","debug/cba_debug_helpers.scar","46"
"Debug","Debug_GetBestAllyInfo","1","1","debug/cba_debug_leaver.scar","2993"
"Debug","Debug_GetBuildingLimitState","2","2","debug/cba_debug_destructive.scar","207"
"Debug","Debug_GetKeepOwnershipMap","1","1","debug/cba_debug_inspectors.scar","165"
"Debug","Debug_GetKillScore","1","1","debug/cba_debug_helpers.scar","28"
"Debug","Debug_GetLeaverBalanceState","2","2","debug/cba_debug_advanced_stress.scar","111"
"Debug","Debug_GetLimitsUIState","2","2","debug/cba_debug_advanced_stress.scar","71"
"Debug","Debug_GetModuleCount","1","1","debug/cba_debug_registry.scar","294"
"Debug","Debug_GetOptionParseResults","1","1","debug/cba_debug_inspectors.scar","214"
"Debug","Debug_GetPopCap","1","1","debug/cba_debug_helpers.scar","67"
"Debug","Debug_GetPostDefeatState","2","2","debug/cba_debug_advanced_stress.scar","114"
"Debug","Debug_GetReligiousState","1","1","debug/cba_debug_inspectors.scar","262"
"Debug","Debug_GetRuleCount","1","1","debug/cba_debug_rules.scar","295"
"Debug","Debug_GetSetting","1","1","debug/cba_debug_settings.scar","116"
"Debug","Debug_GetSettingSchema","1","1","debug/cba_debug_settings.scar","195"
"Debug","Debug_GetSiegeLimitState","2","2","debug/cba_debug_advanced_stress.scar","68"
"Debug","Debug_GetStarterKeepState","1","1","debug/cba_debug_inspectors.scar","488"
"Debug","Debug_GetTagModuleMap","1","1","debug/cba_debug_registry.scar","288"
"Debug","Debug_GetVillagerState","1","1","debug/cba_debug_inspectors.scar","191"
"Debug","Debug_GetWonderState","1","1","debug/cba_debug_inspectors.scar","286"
"Debug","Debug_InteractiveCheck_KeepState","2","1","debug/cba_debug_ui_prompts.scar","626"
"Debug","Debug_InteractiveCheck_Precache","2","1","debug/cba_debug_ui_prompts.scar","511"
"Debug","Debug_InteractiveCheck_SiegeLimitUI","2","1","debug/cba_debug_ui_prompts.scar","724"
"Debug","Debug_InteractiveChecks","1","1","debug/cba_debug_ui_prompts.scar","796"
"Debug","Debug_IsRegistrySealed","1","1","debug/cba_debug_registry.scar","272"
"Debug","Debug_KeepAsCapitalApply","1","1","cba.scar","1092"
"Debug","Debug_KeepAsCapitalStatus","2","1","cba.scar","1059"
"Debug","Debug_KeepCap_CheckSpecialAgeAbilityResolution","1","1","debug/cba_debug_inspectors.scar","381"
"Debug","Debug_KeepDiagnostic","1","1","debug/cba_debug_helpers.scar","123"
"Debug","Debug_LeaverConversion_Full","5","1","debug/cba_debug_leaver.scar","203"
"Debug","Debug_LeaverConversion_Inspect","1","1","debug/cba_debug_leaver.scar","1263"
"Debug","Debug_LeaverConversion_MilResolve","1","1","debug/cba_debug_leaver.scar","2126"
"Debug","Debug_LeaverConversion_Stress","2","1","debug/cba_debug_leaver.scar","908"
"Debug","Debug_LeaverConversion_Visual","1","1","debug/cba_debug_leaver.scar","1929"
"Debug","Debug_LeaverConversion_VisualByCiv","2","1","debug/cba_debug_leaver.scar","1815"
"Debug","Debug_LeaverConversion_VisualCleanup","2","2","cba.scar","85"
"Debug","Debug_LeaverCoverage_AllCivPairs","1","1","debug/cba_debug_leaver.scar","3692"
"Debug","Debug_LeaverCoverage_Civ","2","1","debug/cba_debug_leaver.scar","3827"
"Debug","Debug_LeaverCoverage_Pair","2","1","debug/cba_debug_leaver.scar","3912"
"Debug","Debug_LeaverCrossCivMatrix","2","1","debug/cba_debug_leaver.scar","2270"
"Debug","Debug_LeaverMilCoverage_AllPairs","1","1","debug/cba_debug_leaver.scar","2710"
"Debug","Debug_LeaverMilCoverage_Pair","2","1","debug/cba_debug_leaver.scar","2623"
"Debug","Debug_LeaverMilProof_OneShot","1","1","debug/cba_debug_leaver.scar","1201"
"Debug","Debug_LeaverMilTest","2","1","debug/cba_debug_leaver.scar","985"
"Debug","Debug_LeaverPerformance","1","1","debug/cba_debug_leaver.scar","3486"
"Debug","Debug_LeaverPerformance_6Player","1","1","debug/cba_debug_leaver.scar","3611"
"Debug","Debug_LeaverPipelineStatus","1","1","debug/cba_debug_leaver.scar","3657"
"Debug","Debug_LeaverResolve_ForcedBP","1","1","debug/cba_debug_leaver.scar","4030"
"Debug","Debug_LeaverSpawnerExemptProof","1","1","debug/cba_debug_leaver.scar","5100"
"Debug","Debug_LeaverSummary","1","1","debug/cba_debug_inspectors.scar","1575"
"Debug","Debug_LeaverTransferInspector","2","1","debug/cba_debug_leaver.scar","4436"
"Debug","Debug_LeaverTransferInspector_AllPairs","1","1","debug/cba_debug_leaver.scar","4807"
"Debug","Debug_LeaverValidation","1","1","debug/cba_debug_leaver.scar","2865"
"Debug","Debug_LeaverWeaponAudit","3","1","debug/cba_debug_leaver.scar","4242"
"Debug","Debug_LeaverWeaponAudit_ReceiverClass","1","1","debug/cba_debug_leaver.scar","4550"
"Debug","Debug_LimitEnforcementValidator","2","1","debug/cba_debug_validation.scar","847"
"Debug","Debug_LimitsUI_TraceUpdateFlow","1","1","debug/cba_debug_limits_ui.scar","187"
"Debug","Debug_LimitsUIStress","1","1","debug/cba_debug_limits_ui.scar","116"
"Debug","Debug_ListHooks","2","1","debug/cba_debug_core.scar","376"
"Debug","Debug_ListModules","2","1","debug/cba_debug_registry.scar","128"
"Debug","Debug_ListPlayerSlots","1","1","debug/cba_debug_helpers.scar","753"
"Debug","Debug_ListRules","2","1","debug/cba_debug_rules.scar","204"
"Debug","Debug_ListSettings","3","1","debug/cba_debug_settings.scar","118"
"Debug","Debug_ModuleInfo","1","1","debug/cba_debug_registry.scar","158"
"Debug","Debug_PauseAI","4","2","debug/cba_debug_advanced_stress.scar","23"
"Debug","Debug_PlayerUI","5","2","debug/cba_debug_playerui_anim.scar","1933"
"Debug","Debug_PlayerUI_Anim","2","1","debug/cba_debug_playerui_anim.scar","1160"
"Debug","Debug_PlayerUI_Anim_ApplyWhenVisible","5","1","debug/cba_debug_playerui_anim.scar","108"
"Debug","Debug_PlayerUI_Anim_Features","5","1","debug/cba_debug_playerui_anim.scar","95"
"Debug","Debug_PlayerUI_Anim_FeatureStatus","4","1","debug/cba_debug_playerui_anim.scar","77"
"Debug","Debug_PlayerUI_Anim_Monitor","2","1","debug/cba_debug_playerui_anim.scar","1098"
"Debug","Debug_PlayerUI_Anim_MonitorStop","3","1","debug/cba_debug_playerui_anim.scar","1168"
"Debug","Debug_PlayerUI_Anim_PresetAll","1","1","debug/cba_debug_playerui_anim.scar","100"
"Debug","Debug_PlayerUI_Anim_PresetSafe","1","1","debug/cba_debug_playerui_anim.scar","94"
"Debug","Debug_PlayerUI_Anim_Pulse","1","1","debug/cba_debug_playerui_anim.scar","2230"
"Debug","Debug_PlayerUI_Anim_RestoreStage1","3","1","debug/cba_debug_playerui_anim.scar","157"
"Debug","Debug_PlayerUI_Anim_RestoreStage2","3","1","debug/cba_debug_playerui_anim.scar","165"
"Debug","Debug_PlayerUI_Anim_RestoreStage3","3","1","debug/cba_debug_playerui_anim.scar","171"
"Debug","Debug_PlayerUI_Anim_RestoreStage4","3","1","debug/cba_debug_playerui_anim.scar","177"
"Debug","Debug_PlayerUI_Anim_RestoreStage5","3","1","debug/cba_debug_playerui_anim.scar","183"
"Debug","Debug_PlayerUI_Anim_RestoreStage6","2","1","debug/cba_debug_playerui_anim.scar","189"
"Debug","Debug_PlayerUI_Anim_RunStaged","1","1","debug/cba_debug_playerui_anim.scar","1081"
"Debug","Debug_PlayerUI_Anim_SetMinimalHud","2","1","debug/cba_debug_playerui_anim.scar","149"
"Debug","Debug_PlayerUI_Anim_Snapshot","7","1","debug/cba_debug_playerui_anim.scar","1116"
"Debug","Debug_PlayerUI_Anim_Stress","1","1","debug/cba_debug_playerui_anim.scar","2149"
"Debug","Debug_PlayerUI_Anim_TogglePaths","8","1","debug/cba_debug_playerui_anim.scar","96"
"Debug","Debug_PlayerUI_Anim_TogglePresetFull","2","1","debug/cba_debug_playerui_anim.scar","112"
"Debug","Debug_PlayerUI_Anim_TogglePresetHudOnly","1","1","debug/cba_debug_playerui_anim.scar","106"
"Debug","Debug_PlayerUI_Anim_ToggleProbe","5","1","debug/cba_debug_playerui_anim.scar","125"
"Debug","Debug_PlayerUI_Anim_ValidateDataContext","1","1","debug/cba_debug_playerui_anim.scar","2260"
"Debug","Debug_PlayerUI_Data","1","1","debug/cba_debug_playerui.scar","477"
"Debug","Debug_PlayerUI_Elim_ValidateFull","1","1","debug/cba_debug_playerui_anim.scar","542"
"Debug","Debug_PlayerUI_Ranking","1","1","debug/cba_debug_playerui.scar","657"
"Debug","Debug_PlayerUI_RegressionCheck","2","1","debug/cba_debug_helpers.scar","1308"
"Debug","Debug_PlayerUI_RewardPlayback_CaptureFull","2","1","debug/cba_debug_playerui_anim.scar","2722"
"Debug","Debug_PlayerUI_RewardPlayback_Inject","2","1","debug/cba_debug_playerui_anim.scar","2706"
"Debug","Debug_PlayerUI_RewardPlayback_InjectReal","1","1","debug/cba_debug_playerui_anim.scar","2812"
"Debug","Debug_PlayerUI_RewardPlayback_Reset","1","1","debug/cba_debug_playerui_anim.scar","2925"
"Debug","Debug_PlayerUI_RewardPlayback_SkipPhase","1","1","debug/cba_debug_playerui_anim.scar","2912"
"Debug","Debug_PlayerUI_RewardPlayback_Snapshot","3","1","debug/cba_debug_playerui_anim.scar","2365"
"Debug","Debug_PlayerUI_RewardPlayback_ValidateCycle","1","1","debug/cba_debug_playerui_anim.scar","2959"
"Debug","Debug_PlayerUI_UI","1","1","debug/cba_debug_playerui.scar","506"
"Debug","Debug_PopAudit","1","1","debug/cba_debug_helpers.scar","92"
"Debug","Debug_PrecacheManifest_Confirmed","1","1","debug/cba_debug_leaver.scar","4940"
"Debug","Debug_PrecacheManifest_ForcedCoverage","1","1","debug/cba_debug_leaver.scar","4700"
"Debug","Debug_PrecacheManifest_Gaps","3","1","debug/cba_debug_leaver.scar","4897"
"Debug","Debug_PrecacheManifest_Report","1","1","debug/cba_debug_leaver.scar","4964"
"Debug","Debug_PrecacheManifest_Summary","1","1","debug/cba_debug_leaver.scar","4845"
"Debug","Debug_PrecacheStatus","1","1","debug/cba_debug_helpers.scar","153"
"Debug","Debug_QADiagnostic","1","1","debug/cba_debug_qa_runner.scar","475"
"Debug","Debug_QADiagnostic_Topic","1","1","debug/cba_debug_qa_runner.scar","453"
"Debug","Debug_QADiagnostic_TransferScenarios","1","1","debug/cba_debug_qa_runner.scar","789"
"Debug","Debug_QADiagnosticStatus","1","1","debug/cba_debug_qa_runner.scar","582"
"Debug","Debug_RamLimitFullTrace","1","1","debug/cba_debug_inspectors.scar","767"
"Debug","Debug_RamSiegeTowerLimitState","1","1","debug/cba_debug_inspectors.scar","95"
"Debug","Debug_RecountValidate","1","1","gameplay/cba_options.scar","3124"
"Debug","Debug_RegisterHook","6","2","debug/cba_debug_advanced_stress.scar","34"
"Debug","Debug_RegisterModule","2","2","debug/cba_debug_core.scar","879"
"Debug","Debug_RegisterRule","6","1","debug/cba_debug_rules.scar","59"
"Debug","Debug_Reject","2","1","debug/cba_debug_helpers.scar","419"
"Debug","Debug_ResetSettings","1","1","debug/cba_debug_settings.scar","179"
"Debug","Debug_ResumeAI","3","2","debug/cba_debug_advanced_stress.scar","155"
"Debug","Debug_RuleInfo","1","1","debug/cba_debug_rules.scar","231"
"Debug","Debug_RuleReport","1","1","debug/cba_debug_rules.scar","255"
"Debug","Debug_Run_PlayerUI_PhaseBSuite","1","1","debug/cba_debug_helpers.scar","1316"
"Debug","Debug_RunAll","2","1","debug/cba_debug_core.scar","409"
"Debug","Debug_RunFullValidation","1","1","debug/cba_debug_core.scar","451"
"Debug","Debug_RunSmokeTests","2","2","debug/cba_debug_core.scar","482"
"Debug","Debug_RunSpawnPlan","5","2","debug/cba_debug_advanced_stress.scar","63"
"Debug","Debug_Scenario","1","1","debug/cba_debug_scenario.scar","271"
"Debug","Debug_ScenarioStatus","1","1","debug/cba_debug_scenario.scar","294"
"Debug","Debug_ScenarioStop","2","1","debug/cba_debug_scenario.scar","273"
"Debug","Debug_SealModuleRegistry","2","2","debug/cba_debug_registry.scar","259"
"Debug","Debug_SetBaseline","1","1","debug/cba_debug_helpers.scar","13"
"Debug","Debug_SetSetting","1","1","debug/cba_debug_settings.scar","128"
"Debug","Debug_SiegeLimitCrossValidation","1","1","debug/cba_debug_inspectors.scar","1093"
"Debug","Debug_SiegeLimitFullDump","1","1","debug/cba_debug_inspectors.scar","564"
"Debug","Debug_SiegeLimitStressTest","1","1","debug/cba_debug_stress.scar","608"
"Debug","Debug_SiegePerfReport","1","1","gameplay/cba_options.scar","3099"
"Debug","Debug_SiegePerfReset","1","1","gameplay/cba_options.scar","3094"
"Debug","Debug_SiegeStatus","1","1","gameplay/cba_options.scar","3105"
"Debug","Debug_SiegeTest","2","1","debug/cba_debug_siege_test.scar","336"
"Debug","Debug_Skip","2","1","debug/cba_debug_core.scar","321"
"Debug","Debug_SlowMotion","1","1","debug/cba_debug_helpers.scar","520"
"Debug","Debug_Spawn","1","1","debug/cba_debug_helpers.scar","181"
"Debug","Debug_SpawnAndValidate","1","1","debug/cba_debug_spawn_sequences.scar","152"
"Debug","Debug_SpawnPlan_MixedArmy","1","1","debug/cba_debug_spawn_sequences.scar","185"
"Debug","Debug_SpawnPlan_SiegeStress","2","2","debug/cba_debug_helpers.scar","616"
"Debug","Debug_StepMode","4","2","debug/cba_debug_advanced_stress.scar","30"
"Debug","Debug_StepStatus","1","1","debug/cba_debug_core.scar","331"
"Debug","Debug_StressStage","1","1","debug/cba_debug_stress.scar","582"
"Debug","Debug_StressTest","2","2","debug/cba_debug_scenario.scar","55"
"Debug","Debug_TeamBalanceCapState","1","1","debug/cba_debug_inspectors.scar","130"
"Debug","Debug_TeamBalancePerLimit","1","1","debug/cba_debug_inspectors.scar","1526"
"Debug","Debug_ToggleOverlays","1","1","debug/cba_debug_helpers.scar","544"
"Debug","Debug_TransferValidation","2","1","debug/cba_debug_leaver.scar","2913"
"Debug","Debug_ValidateAgeGateCoverage","1","1","debug/cba_debug_helpers.scar","652"
"Debug","Debug_ValidateAutoPopulation","1","1","debug/cba_debug_autopop.scar","309"
"Debug","Debug_ValidateModules","2","1","debug/cba_debug_registry.scar","206"
"Debug","Debug_ValidateSiegeClassifications","1","1","debug/cba_debug_inspectors.scar","1344"
"Debug","Debug_ValidateSpawnAnchors","1","1","debug/cba_debug_destructive.scar","214"
"Debug","Debug_VerifyDynastiesData","1","1","debug/cba_debug_validation.scar","1266"
"Debug","Debug_VisualValidation_KeepDestroy","1","1","debug/cba_debug_helpers.scar","554"
"Debug","Debug_VisualValidation_SiegeSpawn","1","1","debug/cba_debug_helpers.scar","600"
"Debug","Debug_WaitForVisual","1","1","debug/cba_debug_helpers.scar","405"
"EBP","EBP_Exists","4","1","debug/cba_debug_blueprint_audit.scar","85"
"EGroup","EGroup_Add","2","2","gameplay/cba_training.scar","174"
"EGroup","EGroup_Clear","2","2","cba.scar","1015"
"EGroup","EGroup_Count","23","6","cba.scar","1367"
"EGroup","EGroup_CountSpawned","22","10","cba_annihilation.scar","176"
"EGroup","EGroup_Create","2","2","cba.scar","390"
"EGroup","EGroup_CreateIfNotFound","3","3","cba.scar","1014"
"EGroup","EGroup_CreateUnique","7","6","cba_religious.scar","124"
"EGroup","EGroup_Destroy","24","9","cba_annihilation.scar","220"
"EGroup","EGroup_DestroyAllEntities","7","6","cba.scar","689"
"EGroup","EGroup_Filter","16","8","cba.scar","392"
"EGroup","EGroup_ForEach","8","5","debug/cba_debug_inspectors.scar","533"
"EGroup","EGroup_GetEntityAt","20","7","cba_annihilation.scar","177"
"EGroup","EGroup_GetPosition","2","1","helpers/ags_starts.scar","19"
"EGroup","EGroup_GetSpawnedEntityAt","17","6","cba_religious.scar","133"
"Entity","Entity_AddAbility","1","1","gameplay/cba_options.scar","805"
"Entity","Entity_CancelProductionQueueItem","7","2","cba.scar","1384"
"Entity","Entity_Create","1","1","cba.scar","1023"
"Entity","Entity_CreateFacing","1","1","helpers/ags_blueprints.scar","2532"
"Entity","Entity_Destroy","2","2","cba.scar","3435"
"Entity","Entity_ForceConstruct","2","2","cba.scar","3445"
"Entity","Entity_FromID","18","9","cba_religious.scar","231"
"Entity","Entity_GetBlueprint","8","5","cba.scar","1050"
"Entity","Entity_GetBuildingProgress","21","10","cba_annihilation.scar","180"
"Entity","Entity_GetHeading","1","1","cba.scar","3377"
"Entity","Entity_GetHealthPercentage","1","1","cba.scar","3380"
"Entity","Entity_GetID","26","5","cba_religious.scar","133"
"Entity","Entity_GetPlayerOwner","10","5","cba_religious.scar","754"
"Entity","Entity_GetPosition","19","8","cba_religious.scar","135"
"Entity","Entity_GetProductionQueueItem","8","5","cba.scar","1379"
"Entity","Entity_GetProductionQueueItemType","9","4","cba_annihilation.scar","196"
"Entity","Entity_GetProductionQueueSize","11","7","cba_annihilation.scar","194"
"Entity","Entity_GetSquad","1","1","conditions/ags_annihilation.scar","185"
"Entity","Entity_GetStateModelBool","4","3","cba_annihilation.scar","364"
"Entity","Entity_HasAbility","3","2","cba.scar","921"
"Entity","Entity_HasBlueprint","31","3","cba.scar","2997"
"Entity","Entity_HasProductionQueue","6","2","cba.scar","1372"
"Entity","Entity_IsAlive","11","3","cba.scar","1003"
"Entity","Entity_IsBuilding","1","1","conditions/ags_wonder.scar","146"
"Entity","Entity_IsEBPOfType","85","3","gameplay/cba_auto_age.scar","288"
"Entity","Entity_IsOfType","210","18","cba_annihilation.scar","114"
"Entity","Entity_IsPlannedStructure","1","1","conditions/ags_annihilation.scar","186"
"Entity","Entity_IsProductionQueueAvailable","2","2","cba_annihilation.scar","183"
"Entity","Entity_IsValid","10","7","cba.scar","1002"
"Entity","Entity_Kill","2","2","conditions/ags_wonder.scar","418"
"Entity","Entity_RemoveAbility","3","2","cba.scar","809"
"Entity","Entity_SetHealth","1","1","cba.scar","3456"
"Entity","Entity_SetInvulnerableMinCap","1","1","cba.scar","1033"
"Entity","Entity_SetPlayerOwner","1","1","debug/cba_debug_destructive.scar","200"
"Entity","Entity_SetTargetingType","1","1","cba.scar","1032"
"Entity","Entity_SnapToGridAndGround","2","2","cba.scar","1025"
"Entity","Entity_Spawn","3","2","cba.scar","1024"
"Entity","Entity_VisHide","1","1","cba.scar","1030"
"FOW","FOW_ExploreAll","2","2","cba.scar","724"
"FOW","FOW_ForceRevealAllUnblockedAreas","2","2","cba.scar","726"
"FOW","FOW_RevealArea","5","4","cba_religious.scar","559"
"FOW","FOW_UIRevealAll","1","1","gameplay/ags_reveal_fow_on_elimination.scar","37"
"FOW","FOW_UnExploreAll","1","1","startconditions/ags_start_scattered.scar","66"
"FOW","FOW_UnRevealArea","2","2","conditions/ags_wonder.scar","238"
"Game","Game_GetLocalPlayer","28","16","ags_global_settings.scar","303"
"Game","Game_SendCustomChallengeEvent","1","1","cba_religious.scar","586"
"Game","Game_TransitionToState","6","1","day night cycle.scar","118"
"HintPoint","HintPoint_Add","2","1","gameplay/cba_training.scar","155"
"HintPoint","HintPoint_Remove","1","1","gameplay/cba_training.scar","168"
"Loc","Loc_Empty","75","20","cba_annihilation.scar","43"
"Loc","Loc_FormatText","769","10","cba_annihilation.scar","235"
"Loc","Loc_GetString","9","4","cba_annihilation.scar","403"
"Misc","Misc_ClearSelection","6","3","cba_religious.scar","1240"
"Misc","Misc_GetCommandLineString","4","2","cba_religious.scar","161"
"Misc","Misc_IsCommandLineOptionSet","3","3","cba_religious.scar","161"
"Misc","Misc_IsSquadOnScreen","1","1","gameplay/cba_training.scar","118"
"Misc","Misc_SetEntitySelectable","1","1","cba.scar","1031"
"Modifier","Modifier_ApplyToPlayer","18","8","gameplay/ags_auto_population.scar","72"
"Modifier","Modifier_Create","19","9","gameplay/ags_auto_population.scar","73"
"Music","Music_LockIntensity","6","2","cba_religious.scar","990"
"Music","Music_PersistentStop","3","3","cba_religious.scar","1296"
"Music","Music_PlayStinger","6","3","cba_religious.scar","1246"
"Music","Music_UnlockIntensity","5","3","cba_religious.scar","942"
"Obj","Obj_Create","11","7","cba_religious.scar","831"
"Obj","Obj_CreatePopup","11","4","cba_religious.scar","1144"
"Obj","Obj_Delete","2","1","wonder.scar","540"
"Obj","Obj_GetCounterCount","1","1","gameplay/cba_auto_age.scar","268"
"Obj","Obj_GetCounterType","2","1","cba_religious.scar","1108"
"Obj","Obj_GetState","5","2","cba_religious.scar","250"
"Obj","Obj_SetColour","1","1","cba_religious.scar","245"
"Obj","Obj_SetCounterCount","20","6","cba_religious.scar","843"
"Obj","Obj_SetCounterMax","9","6","cba_religious.scar","844"
"Obj","Obj_SetCounterTimerSeconds","6","3","cba_religious.scar","885"
"Obj","Obj_SetCounterType","11","7","cba_religious.scar","842"
"Obj","Obj_SetProgress","23","6","cba_religious.scar","248"
"Obj","Obj_SetProgressVisible","7","6","cba_religious.scar","868"
"Obj","Obj_SetState","17","7","cba_religious.scar","256"
"Obj","Obj_SetTitle","9","4","cba_religious.scar","894"
"Obj","Obj_SetVisible","14","7","cba_religious.scar","846"
"Objective","Objective_Complete","2","1","gameplay/cba_training.scar","138"
"Objective","Objective_IsComplete","4","1","gameplay/cba_training.scar","92"
"Objective","Objective_Start","1","1","gameplay/cba_training.scar","151"
"Player","Player_AddResource","7","4","cba.scar","3075"
"Player","Player_CanConstruct","2","2","gameplay/cba_training.scar","67"
"Player","Player_CompleteUpgrade","4","3","helpers/ags_blueprints.scar","2606"
"Player","Player_GetAll","2","2","gameplay/cba_options.scar","845"
"Player","Player_GetAllEntities","2","2","cba.scar","1184"
"Player","Player_GetCurrentAge","23","12","cba.scar","1819"
"Player","Player_GetCurrentPopulation","11","7","cba.scar","2925"
"Player","Player_GetCurrentPopulationCap","12","9","cba.scar","3831"
"Player","Player_GetDisplayName","1","1","playerui/playerui.scar","85"
"Player","Player_GetEntities","46","14","cba_annihilation.scar","173"
"Player","Player_GetEntitiesFromType","2","1","helpers/ags_starts.scar","17"
"Player","Player_GetEntityCountByUnitType","3","2","cba_annihilation.scar","159"
"Player","Player_GetMaximumAge","1","1","gameplay/cba_auto_age.scar","306"
"Player","Player_GetRace","19","8","observerui/tracking_agingupprogress.scar","19"
"Player","Player_GetRaceName","122","19","cba.scar","946"
"Player","Player_GetResource","21","6","cba_annihilation.scar","164"
"Player","Player_GetResourceRate","2","2","observerui/observeruiupdateui.scar","205"
"Player","Player_GetResources","3","3","gameplay/ags_auto_resources.scar","51"
"Player","Player_GetSquadBPCost","2","2","cba_annihilation.scar","85"
"Player","Player_GetSquads","24","10","cba.scar","3473"
"Player","Player_GetStartingPosition","10","3","debug/cba_debug_leaver.scar","1060"
"Player","Player_GetStateModelFloat","3","3","cba.scar","1067"
"Player","Player_GetStateModelInt","2","2","observerui/observeruiupdateui.scar","204"
"Player","Player_GetStrategicPointCaptureProgress","4","1","cba_religious.scar","237"
"Player","Player_GetTeam","4","2","helpers/ags_teams.scar","82"
"Player","Player_GetUIColour","20","7","cba_religious.scar","306"
"Player","Player_GiftResource","7","3","gameplay/ags_team_balance.scar","154"
"Player","Player_HasUpgrade","4","3","debug/cba_debug_inspectors.scar","77"
"Player","Player_IsAlive","4","4","cba_annihilation.scar","274"
"Player","Player_IsHuman","1","1","cba_annihilation.scar","329"
"Player","Player_ObserveRelationship","48","8","cba_annihilation.scar","246"
"Player","Player_RemoveUpgrade","1","1","helpers/ags_blueprints.scar","2672"
"Player","Player_SetCurrentAge","10","3","gameplay/cba_auto_age.scar","307"
"Player","Player_SetEntityProductionAvailability","88","9","cba.scar","997"
"Player","Player_SetMaximumAge","6","1","gameplay/cba_auto_age.scar","370"
"Player","Player_SetMaxPopulation","2","1","gameplay/ags_auto_population.scar","92"
"Player","Player_SetResource","43","7","cba.scar","701"
"Player","Player_SetSquadProductionAvailability","12","4","cba.scar","1255"
"Player","Player_SetStateModelBool","3","3","conditions/ags_wonder.scar","286"
"Player","Player_SetStateModelFloat","9","5","cba_religious.scar","972"
"Player","Player_SetUpgradeAvailability","26","3","gameplay/cba_options.scar","900"
"Rule","Rule_Add","1","1","observerui/observeruirulesystem.scar","13"
"Rule","Rule_AddGlobalEvent","53","19","ags_global_settings.scar","304"
"Rule","Rule_AddInterval","32","20","cba_religious.scar","170"
"Rule","Rule_AddOneShot","117","22","cba_religious.scar","211"
"Rule","Rule_Exists","23","6","debug/cba_debug_playerui_anim.scar","2021"
"Rule","Rule_IsPaused","1","1","debug/cba_debug_playerui.scar","598"
"Rule","Rule_Pause","5","3","observerui/observeruirulesystem.scar","33"
"Rule","Rule_Remove","10","7","conditions/ags_wonder.scar","120"
"Rule","Rule_RemoveGlobalEvent","32","11","ags_global_settings.scar","309"
"Rule","Rule_RemoveMe","13","7","cba_religious.scar","1182"
"Rule","Rule_Unpause","15","5","debug/cba_debug_playerui_anim.scar","2248"
"SBP","SBP_Exists","4","1","debug/cba_debug_blueprint_audit.scar","87"
"Setup","Setup_GetWinConditionOptions","5","3","cba.scar","324"
"SGroup","SGroup_AddGroup","2","1","cba.scar","2057"
"SGroup","SGroup_Clear","15","2","cba.scar","1999"
"SGroup","SGroup_Count","34","8","cba_religious.scar","476"
"SGroup","SGroup_CreateIfNotFound","18","7","cba.scar","1998"
"SGroup","SGroup_CreateUnique","15","7","cba_religious.scar","459"
"SGroup","SGroup_Destroy","10","3","debug/cba_debug_comprehensive_stress.scar","1037"
"SGroup","SGroup_DestroyAllSquads","5","4","debug/cba_debug_leaver.scar","2961"
"SGroup","SGroup_Filter","4","4","cba_religious.scar","473"
"SGroup","SGroup_ForEach","2","2","observerui/observeruirulesystem.scar","96"
"SGroup","SGroup_GetSquadAt","21","7","cba_religious.scar","479"
"Sound","Sound_Play2D","15","4","cba_annihilation.scar","243"
"Squad","Squad_Destroy","3","2","cba.scar","3959"
"Squad","Squad_GetBlueprint","3","2","cba.scar","3484"
"Squad","Squad_GetFirstEntity","3","1","debug/cba_debug_leaver.scar","4307"
"Squad","Squad_GetPlayerOwner","6","2","cba_religious.scar","300"
"Squad","Squad_GetPosition","1","1","cba.scar","3953"
"Squad","Squad_IsAlive","4","2","cba.scar","3482"
"Squad","Squad_IsIdle","1","1","gameplay/cba_training.scar","117"
"Squad","Squad_IsOfType","135","6","cba_religious.scar","480"
"Squad","Squad_IsSBPOfType","52","3","cba.scar","1383"
"Squad","Squad_SetPlayerOwner","4","1","cba.scar","3496"
"Table","Table_Contains","1","1","cba_religious.scar","480"
"Taskbar","Taskbar_SetVisibility","6","3","cba_religious.scar","1241"
"Timer","Timer_End","8","3","cba_religious.scar","1088"
"Timer","Timer_Exists","22","4","cba_religious.scar","415"
"Timer","Timer_GetElapsed","1","1","gameplay/cba_training.scar","67"
"Timer","Timer_GetRemaining","19","5","cba_religious.scar","885"
"Timer","Timer_Pause","1","1","cba_religious.scar","418"
"Timer","Timer_Resume","1","1","cba_religious.scar","670"
"Timer","Timer_Start","6","4","cba_religious.scar","954"
"UI","UI_AddChild","15","6","debug/cba_debug_ui_prompts.scar","145"
"UI","UI_AddEventHandler","1","1","specials/ags_match_ui.scar","365"
"UI","UI_CreateCommand","15","5","debug/cba_debug_ui_prompts.scar","137"
"UI","UI_CreateDataContext","14","6","debug/cba_debug_ui_prompts.scar","148"
"UI","UI_CreateEventCue","8","3","cba_annihilation.scar","237"
"UI","UI_CreateEventCueClickable","44","8","cba_religious.scar","315"
"UI","UI_CreateMinimapBlip","1","1","startconditions/nomad_start.scar","172"
"UI","UI_CreateMinimapBlipOnPosFrom","6","1","cba_religious.scar","333"
"UI","UI_FlashObjectiveIcon","3","1","cba_religious.scar","370"
"UI","UI_GetColourAsString","3","3","observerui/observeruiupdateui.scar","60"
"UI","UI_IsReplay","4","4","gameplay/ags_limits_ui.scar","210"
"UI","UI_Remove","1","1","gameplay/ags_limits_ui.scar","730"
"UI","UI_RemoveEventHandler","1","1","specials/ags_match_ui.scar","367"
"UI","UI_SetDataContext","12","6","debug/cba_debug_ui_prompts.scar","155"
"UI","UI_SetEntityDataContext","8","1","cba_religious.scar","372"
"UI","UI_SetPlayerDataContext","1","1","cba.scar","457"
"UI","UI_SetPropertyValue","41","3","observerui/observerui.scar","123"
"UI","UI_SetShowPlayerScores","1","1","cba.scar","452"
"UI","UI_StopFlashing","5","1","cba_religious.scar","439"
"Util","Util_CreateEntities","1","1","cba.scar","1017"
"Util","Util_GetOffsetPosition","3","2","rewards.scar","362"
"Util","Util_GetPlayerOwner","3","3","gameplay/cba_options.scar","580"
"Util","Util_GetPositionFromAtoB","3","2","rewards.scar","370"
"Util","Util_PrintObject","2","1","helpers/ags_blueprints.scar","2568"
"World","World_GetAllNeutralEntities","5","4","cba.scar","391"
"World","World_GetBlueprintEntities","1","1","cba_religious.scar","126"
"World","World_GetEntitiesNearPoint","1","1","gameplay/ags_tree_bombardment.scar","109"
"World","World_GetGameTicks","6","4","gameplay/cba_options.scar","3095"
"World","World_GetGameTime","87","13","debug/cba_debug_helpers.scar","1073"
"World","World_GetHeightAt","6","4","debug/cba_debug_leaver.scar","1487"
"World","World_GetLength","2","2","startconditions/ags_start_scattered.scar","47"
"World","World_GetPlayerAt","3","2","gameplay/cba_options.scar","3107"
"World","World_GetPlayerCount","11","6","gameplay/cba_options.scar","3106"
"World","World_GetPlayerIndex","21","9","cba.scar","1543"
"World","World_GetRaceIcon","2","2","observerui/observeruiupdateui.scar","62"
"World","World_GetRand","4","2","startconditions/ags_start_scattered.scar","91"
"World","World_GetSquadsNearPoint","1","1","cba_religious.scar","471"
"World","World_GetWidth","4","3","debug/cba_debug_leaver.scar","1485"
"World","World_IsMultiplayerGame","1","1","helpers/ags_blueprints.scar","2656"
"World","World_KillPlayer","4","4","cba_annihilation.scar","276"
"World","World_OwnsEntity","13","6","cba_religious.scar","754"
"World","World_OwnsSquad","1","1","cba.scar","1536"
"World","World_Pos","61","17","cba.scar","1995"
